ae_competentAuthority,ae_homeMemberState,ae_lei_name,ae_lei,ae_lei_cou_code,ae_lei_name_casp,ae_lei_casp,ae_offerCode_cou,ae_DTI_FFG,ae_DTI,wp_url,wp_comments,wp_lastupdate
Austrian Financial Market Authority (FMA),AT,SKYGATE Network GmbH,984500BBFE52FE449926,AT,,,AT|BE|BG|HR|CY|CZ|DK|EE|FI|FR|DE|GR|HU|IE|IT|LV|LT|LU|MT|NL|PL|PT|RO|SK|SI|ES|SE,,,WWW.SKYGATETOKEN.AT,,30/12/2024
Austrian Financial Market Authority (FMA),AT,DGRX Sales GmbH,984500R35C7N1E698319,AT,,,AT|BE|BG|HR|CY|CZ|DK|EE|FI|FR|DE|GR|HU|IS|IE|IT|LV|LI|LT|LU|MT|NL|NO|PL|PT|RO|SK|SI|ES|SE,9791F79LM,D0TGQ87MM,WWW.DESERTGREENER.IO,,01/04/2026
Austrian Financial Market Authority (FMA),AT,Bitpanda GmbH,5493007WZ7IFULIL8G21,AT,,,AT|BE|BG|HR|CY|CZ|DK|EE|FI|FR|DE|GR|HU|IE|IT|LV|LT|LU|MT|NL|PL|PT|RO|SK|SI|ES|SE,,,https://www.bitpanda.com/en/legal/vsn-white-paper,,11/08/2026
Austrian Financial Market Authority (FMA),AT,ATEG Capital FlexCo,529900B1HYZ5I6QQRL52,AT,,,AT|BE|BG|HR|CY|CZ|DK|EE|FI|FR|DE|GR|HU|IE|IT|LV|LT|LU|MT|NL|PL|PT|RO|SK|SI|ES|SE,,,https://ateg-capital.com,,03/10/2025
Austrian Financial Market Authority (FMA),AT,SC STEELCOIN GmbH,529900OX94239BUDFN51,AT,,,AT|BE|BG|HR|CY|CZ|DK|EE|FI|FR|DE|GR|HU|IS|IE|IT|LV|LI|LT|LU|MT|NL|NO|PL|PT|RO|SK|SI|ES|SE,,,https://steelcoin.com/,,27/06/2025
Austrian Financial Market Authority (FMA),AT,ELEVEN ELEVEN MANAGEMENT LIMITED,9845004D111EATCB5A62,GB,,,AT|BE|BG|HR|CY|CZ|DK|EE|FI|FR|DE|GR|HU|IS|IE|IT|LV|LI|LT|LU|MT|NL|NO|PL|PT|RO|SK|SI|ES|SE,,,https://1111-management.com/,,03/11/2025
Austrian Financial Market Authority (FMA),AT,ZKsync Association - Ein Verein zur Foerderung des digitalen Oekosystems ZKsync e.V.,529900SV858GPLFCQK64,AT,,,AT,BCBLPFRBX,HKL2NKLD8,zknation.io,,24/09/2025
Austrian Financial Market Authority (FMA),AT,StarkWare Industries Ltd,254900OKK1G0RL5Q9B59,IL,,,AT|BE|BG|HR|CY|CZ|DK|EE|FI|FR|DE|GR|HU|IS|IE|IT|LV|LI|LT|LU|MT|NL|NO|PL|PT|RO|SK|SI|ES|SE,NLWPNNWQZ,4BFL30DVF,https://starkware.co/,,10/10/2025
Austrian Financial Market Authority (FMA),AT,Biogena GmbH & Co KG,52990050KC7YUM8VD941,AT,Tangany GmbH,529900WKXS5ZPJY9W498,AT|DE,H1L7XKSK2,5HL762TWK,www.biogena.com/biox,,09/06/2026
Austrian Financial Market Authority (FMA),AT,MOJO Sales GmbH,875500LZF8VIDAKG7213,AT,,,AT|BE|BG|HR|CY|CZ|DK|EE|FI|FR|DE|GR|HU|IS|IE|IT|LV|LI|LT|LU|MT|NL|NO|PL|PT|RO|SK|SI|ES|SE,BDVP97CN2,WPTSOBQPR,https://mojomarketplace.io,,11/08/2026
Cyprus Securities and Exchange Commission (CySEC),CY,Abloxx Token Ltd.,,,,,,,,https://abloxx.com/en/details,,25/03/2025
Cyprus Securities and Exchange Commission (CySEC),CY,Falu Brick Commerce Limited,,,,,,,,https://xyo.network/papers/mica-white-paper,,13/08/2025
Cyprus Securities and Exchange Commission (CySEC),CY,Falu Brick Commerce Limited,,,,,,,,xl1-mica-white-paper.pdf,,21/08/2025
Cyprus Securities and Exchange Commission (CySEC),CY,Planck Network ($PLANCK),,,,,,,,https://plancknetwork.com/whitepaper.pdf ,,17/10/2025
Cyprus Securities and Exchange Commission (CySEC),CY,$OTHER ,,,,,AT | BE | BG | CY | CZ | DE | DK | EE | ES | FI | FR | GR | HR | HU | IE | IS | IT | LI | LT | LU | LV | MT | NL | NO | PL | PT | RO | SE | SI | SK,,,https://whitepaper.anotherapp.io/,,29/05/2026
Czech National Bank (CNB),CZ,APF DIGITAL AGRIFUND CR s.r.o.,,CZ,,,CZ|AT|BE|BG|CY|DE|DK|EE|ES|FI|FR|GR|HR|HU|IE|IT|LT|LV|LU|MT|NL|PL|PT|RO|SE|SI|SK|,,,https://verdanteurope.com/site/assets/files/1172/apf_digital_agrifund_cr_crypto-asset_white_paper_eng.pdf,,08/08/2025
Czech National Bank (CNB),CZ,TimberChain s.r.o.,,CZ,,,CZ|SK|DE|FR,,,https://timberchain.io/TIMBER2026_Whitepaper.pdf,WP link pending,07/11/2025
Czech National Bank (CNB),CZ,GoMining (Czech) s.r.o.,315700WS9HUQEAQEFZ32,CZ,,,CZ|AT|BE|BG|CY|DE|DK|EE|ES|FI|FR|GR|HR|HU|IE|IT|IS|LT|LV|LU|MT|NL|NO|PL|PT|RO|SE|SI|SK|,,,https://storage.googleapis.com/gmt-public-prod/docs/whitepaper-token-eu.pdf,,21/01/2026
Czech National Bank (CNB),CZ,EVO22 technologies s.r.o.,315700GUQZ3EQ7QIQK93,CZ,,,CZ,,,https://evo22.tech/EVAcoinWhitePaper.xhtml,,24/03/2026
Federal Financial Supervisory Authority (BaFin),DE,Crypto Risk Metrics GmbH,39120077M9TG0O1FE242,DE,,,,,,https://crypto-risk-metrics.com/en/white-paper-bitcoin-ffg-v15wlzjmf/,,31/03/2025
Federal Financial Supervisory Authority (BaFin),DE,Crypto Risk Metrics GmbH,39120077M9TG0O1FE242,DE,,,,,,https://crypto-risk-metrics.com/en/white-paper-book-of-meme-ffg-jqch4zrfb/,,31/03/2025
Federal Financial Supervisory Authority (BaFin),DE,Crypto Risk Metrics GmbH,39120077M9TG0O1FE242,DE,,,,,,https://crypto-risk-metrics.com/en/white-paper-popcat-ffg-cplckvt11/,,31/03/2025
Federal Financial Supervisory Authority (BaFin),DE,CausisIntel Software GmbH,,,,,,,,https://bitscrunch.com/mica-whitepaper.pdf,,03/04/2025
Federal Financial Supervisory Authority (BaFin),DE,Crypto Risk Metrics GmbH,39120077M9TG0O1FE242,DE,,,,,,https://crypto-risk-metrics.com/en/white-paper-academic-labs-ffg-65jz3c66z/,,14/04/2025
Federal Financial Supervisory Authority (BaFin),DE,Crypto Risk Metrics GmbH,39120077M9TG0O1FE242,DE,,,,,,https://crypto-risk-metrics.com/en/white-paper-melania-meme-ffg-tc417fplr/,,14/04/2025
Federal Financial Supervisory Authority (BaFin),DE,Crypto Risk Metrics GmbH,39120077M9TG0O1FE242,DE,,,,,,https://crypto-risk-metrics.com/en/white-paper-fartcoin-ffg-z673vt588/,,22/04/2025
Federal Financial Supervisory Authority (BaFin),DE,Crypto Risk Metrics GmbH,39120077M9TG0O1FE242,DE,,,,,,https://crypto-risk-metrics.com/en/white-paper-litecoin-ffg-d74jz1vrd/,,22/04/2025
Federal Financial Supervisory Authority (BaFin),DE,Crypto Risk Metrics GmbH,39120077M9TG0O1FE242,DE,,,,,,https://crypto-risk-metrics.com/en/white-paper-ethereum-ffg-d5rg2fhh0/,,05/05/2025
Federal Financial Supervisory Authority (BaFin),DE,Crypto Risk Metrics GmbH,39120077M9TG0O1FE242,DE,,,,,,https://crypto-risk-metrics.com/en/white-paper-goatseus-maximus-ffg-7fs1wx5vk,,05/05/2025
Federal Financial Supervisory Authority (BaFin),DE,Augmented Robotics GmbH,,,,,,,,https://projecthorus.ai/wp-content/uploads/2025/05/ProjectHorusX_Whitepaper.pdf,,07/05/2025
Federal Financial Supervisory Authority (BaFin),DE,Crypto Risk Metrics GmbH,39120077M9TG0O1FE242,DE,,,,,,https://crypto-risk-metrics.com/en/white-paper-bio-ffg-TBR0XDRN8,,12/05/2025
Federal Financial Supervisory Authority (BaFin),DE,Crypto Risk Metrics GmbH,39120077M9TG0O1FE242,DE,,,,,,https://crypto-risk-metrics.com/en/white-paper-ai16z-ffg-8sqn5vkwh,,10/06/2025
Federal Financial Supervisory Authority (BaFin),DE,Crypto Risk Metrics GmbH,39120077M9TG0O1FE242,DE,,,,,,https://crypto-risk-metrics.com/en/white-paper-dogwifhat-ffg-10g31sk86/,,10/06/2025
Federal Financial Supervisory Authority (BaFin),DE,Crypto Risk Metrics GmbH,39120077M9TG0O1FE242,DE,,,AT | BE | BG | CY | CZ | DE | DK | EE | ES | FI | FR | GR | HR | HU | IE | IS | IT | LI | LT | LU | LV | MT | NL | NO | PL | PT | RO | SE | SI | SK, LJDPGNXXK,13D4K4NW6| 3R313RR9C,https://white-paper.crypto-risk-metrics.com/en/official-trump-ffg-ljdpgnxxk/index.html,Modification,30/06/2026
Federal Financial Supervisory Authority (BaFin),DE,Crypto Risk Metrics GmbH,39120077M9TG0O1FE242,DE,,,,,,https://crypto-risk-metrics.com/en/white-paper-ethereum-classic-ether-ffg-dgmqmfzd4/,,16/06/2025
Federal Financial Supervisory Authority (BaFin),DE,Crypto Risk Metrics GmbH,39120077M9TG0O1FE242,DE,,,,,,https://crypto-risk-metrics.com/en/white-paper-moo-deng-ffg-h3x85bk7m/,,16/06/2025
Federal Financial Supervisory Authority (BaFin),DE,Crypto Risk Metrics GmbH,39120077M9TG0O1FE242,DE,,,,,,https://crypto-risk-metrics.com/en/white-paper-swarms-ffg-30kcvxpwp/,,16/06/2025
Federal Financial Supervisory Authority (BaFin),DE,Crypto Risk Metrics GmbH,39120077M9TG0O1FE242,DE,,,,,,https://crypto-risk-metrics.com/en/white-paper-vine-coin-ffg-b4fw49n5p/,,16/06/2025
Federal Financial Supervisory Authority (BaFin),DE,Crypto Risk Metrics GmbH,39120077M9TG0O1FE242,DE,,,,,,https://crypto-risk-metrics.com/en/white-paper-peanut-the-squirrel-ffg-75d0kj7wn/,,26/06/2025
Federal Financial Supervisory Authority (BaFin),DE,Crypto Risk Metrics GmbH,39120077M9TG0O1FE242,DE,,,,,,https://crypto-risk-metrics.com/en/white-paper-pudgy-penguins-ffg-13jbpt88t/,,26/06/2025
Federal Financial Supervisory Authority (BaFin),DE,Crypto Risk Metrics GmbH,39120077M9TG0O1FE242,DE,,,,,,https://crypto-risk-metrics.com/en/white-paper-berachain-bera-ffg-l7xqxln44/,,30/06/2025
Federal Financial Supervisory Authority (BaFin),DE,Crypto Risk Metrics GmbH,39120077M9TG0O1FE242,DE,,,,,,https://crypto-risk-metrics.com/en/white-paper-echelon-prime-ffg-1vj02jbzn/,,30/06/2025
Federal Financial Supervisory Authority (BaFin),DE,Crypto Risk Metrics GmbH,39120077M9TG0O1FE242,DE,,,,,,https://crypto-risk-metrics.com/en/white-paper-toshi-ffg-wt9gj1k9r/,,30/06/2025
Federal Financial Supervisory Authority (BaFin),DE,Crypto Risk Metrics GmbH,39120077M9TG0O1FE242,DE,,,,,,https://crypto-risk-metrics.com/en/white-paper-world-of-dypians-ffg-gmb92084j/,,07/07/2025
Federal Financial Supervisory Authority (BaFin),DE,Crypto Risk Metrics GmbH,39120077M9TG0O1FE242,DE,,,,,,https://crypto-risk-metrics.com/en/white-paper-test-griffain-com-ffg-qxn32wlr2/,,07/07/2025
Federal Financial Supervisory Authority (BaFin),DE,Crypto Risk Metrics GmbH,39120077M9TG0O1FE242,DE,,,,,,https://crypto-risk-metrics.com/en/white-paper-mog-coin-ffg-c4044kdrd/,,07/07/2025
Federal Financial Supervisory Authority (BaFin),DE,Crypto Risk Metrics GmbH,39120077M9TG0O1FE242,DE,,,,,,https://crypto-risk-metrics.com/en/white-paper-binance-coin-ffg-8n2vxjkb1/,,07/07/2025
Federal Financial Supervisory Authority (BaFin),DE,Crypto Risk Metrics GmbH,39120077M9TG0O1FE242,DE,,,,,,https://crypto-risk-metrics.com/en/white-paper-kip-protocol-ffg-8cjxl9l2f/,,22/07/2025
Federal Financial Supervisory Authority (BaFin),DE,Crypto Risk Metrics GmbH,39120077M9TG0O1FE242,DE,,,,,,https://crypto-risk-metrics.com/en/white-paper-magic-eden-ffg-7987r7s6h/,,22/07/2025
Federal Financial Supervisory Authority (BaFin),DE,Crypto Risk Metrics GmbH,39120077M9TG0O1FE242,DE,,,,,,https://crypto-risk-metrics.com/en/white-paper-virtual-protocol-ffg-7wmbv0r29/,,22/07/2025
Federal Financial Supervisory Authority (BaFin),DE,Crypto Risk Metrics GmbH,39120077M9TG0O1FE242,DE,,,,,,https://crypto-risk-metrics.com/en/white-paper-pump.fun-ffg-c2f189jnl/,,22/07/2025
Federal Financial Supervisory Authority (BaFin),DE,AB Foundation,,,,,,,,https://ab.org/files/ab-mica-whitepaper.pdf,,31/07/2025
Federal Financial Supervisory Authority (BaFin),DE,Nobody Studios Inc,,,,,,,,https://nobodysausage.club/micar-whitepaper,,06/08/2025
Federal Financial Supervisory Authority (BaFin),DE,Crypto Risk Metrics GmbH,39120077M9TG0O1FE242,DE,,,,,,https://crypto-risk-metrics.com/en/white-paper-tokenbot-ffg-b9bf88zxp/,,11/08/2025
Federal Financial Supervisory Authority (BaFin),DE,Crypto Risk Metrics GmbH,39120077M9TG0O1FE242,DE,,,,,,https://crypto-risk-metrics.com/en/white-paper-zora-ffg-m4dcvm90d/,,11/08/2025
Federal Financial Supervisory Authority (BaFin),DE,Crypto Risk Metrics GmbH,39120077M9TG0O1FE242,DE,,,,,,https://crypto-risk-metrics.com/en/white-paper-fai-ffg-71zs4mw47/,,11/08/2025
Federal Financial Supervisory Authority (BaFin),DE,Crypto Risk Metrics GmbH,39120077M9TG0O1FE242,DE,,,,,,https://crypto-risk-metrics.com/en/white-paper-keyboard-cat-ffg-nftd780qf/,,11/08/2025
Federal Financial Supervisory Authority (BaFin),DE,Crypto Risk Metrics GmbH,39120077M9TG0O1FE242,DE,,,,,,https://crypto-risk-metrics.com/en/white-paper-edge-ffg-jg63f041q/,,11/08/2025
Federal Financial Supervisory Authority (BaFin),DE,Crypto Risk Metrics GmbH,39120077M9TG0O1FE242,DE,,,,,,https://crypto-risk-metrics.com/en/white-paper-venice-token-ffg-p0sd47m0w/,,11/08/2025
Federal Financial Supervisory Authority (BaFin),DE,Crypto Risk Metrics GmbH,39120077M9TG0O1FE242,DE,,,,,,https://crypto-risk-metrics.com/en/white-paper-doginme-ffg-cvsl6qhbd/,,11/08/2025
Federal Financial Supervisory Authority (BaFin),DE,Crypto Risk Metrics GmbH,39120077M9TG0O1FE242,DE,,,,,,https://crypto-risk-metrics.com/en/white-paper-cookie-dao-ffg-dbrtw3ff8/,,12/08/2025
Federal Financial Supervisory Authority (BaFin),DE,Crypto Risk Metrics GmbH,39120077M9TG0O1FE242,DE,,,,,,https://crypto-risk-metrics.com/en/white-paper-b3-ffg-bplsknpd9/,,12/08/2025
Federal Financial Supervisory Authority (BaFin),DE,Crypto Risk Metrics GmbH,39120077M9TG0O1FE242,DE,,,,,,https://crypto-risk-metrics.com/en/white-paper-wayfinder-prompt-ffg-3dff12gsv/,,13/08/2025
Federal Financial Supervisory Authority (BaFin),DE,Crypto Risk Metrics GmbH,39120077M9TG0O1FE242,DE,,,,,,https://crypto-risk-metrics.com/en/white-paper-lagrange-ffg-zrh17cf3v/,,13/08/2025
Federal Financial Supervisory Authority (BaFin),DE,Crypto Risk Metrics GmbH,39120077M9TG0O1FE242,DE,,,,,,https://crypto-risk-metrics.com/en/white-paper-horizen-ffg-T9QL1ZT5D/,,13/08/2025
Federal Financial Supervisory Authority (BaFin),DE,greenkeeper GmbH,391200S2SQD4RY3IGF54,DE,,,,,,https://greenkeeper.eco/gft-whitepaper,,13/08/2025
Federal Financial Supervisory Authority (BaFin),DE,Crypto Risk Metrics GmbH,39120077M9TG0O1FE242,DE,,,,,,https://crypto-risk-metrics.com/en/white-paper-spark-ffg-gs4h3vsb1/,,14/08/2025
Federal Financial Supervisory Authority (BaFin),DE,Crypto Risk Metrics GmbH,39120077M9TG0O1FE242,DE,,,,,,https://crypto-risk-metrics.com/en/white-paper-sonic-ffg-7jbmlcwcr/,,14/08/2025
Federal Financial Supervisory Authority (BaFin),DE,Crypto Risk Metrics GmbH,39120077M9TG0O1FE242,DE,,,,,,https://crypto-risk-metrics.com/en/white-paper-space-and-time-ffg-qstzk3plv/,,14/08/2025
Federal Financial Supervisory Authority (BaFin),DE,Crypto Risk Metrics GmbH,39120077M9TG0O1FE242,DE,,,,,,https://crypto-risk-metrics.com/en/white-paper-euler-ffg-bjsllnx42/,,22/08/2025
Federal Financial Supervisory Authority (BaFin),DE,Crypto Risk Metrics GmbH,39120077M9TG0O1FE242,DE,,,,,,https://crypto-risk-metrics.com/en/white-paper-treehouse-ffg-7pq1242p3/,,22/08/2025
Federal Financial Supervisory Authority (BaFin),DE,Crypto Risk Metrics GmbH,39120077M9TG0O1FE242,DE,,,,,,https://crypto-risk-metrics.com/en/white-paper-mamo-ffg-4wxhprnh8/,,22/08/2025
Federal Financial Supervisory Authority (BaFin),DE,Crypto Risk Metrics GmbH,39120077M9TG0O1FE242,DE,,,,,,https://crypto-risk-metrics.com/en/white-paper-bankrcoin-ffg-6xspzjjtx/,,22/08/2025
Federal Financial Supervisory Authority (BaFin),DE,Crypto Risk Metrics GmbH,39120077M9TG0O1FE242,DE,,,,,,https://crypto-risk-metrics.com/en/white-paper-happycats-ffg-txfj91ww6/,,25/08/2025
Federal Financial Supervisory Authority (BaFin),DE,Crypto Risk Metrics GmbH,39120077M9TG0O1FE242,DE,,,,,,https://crypto-risk-metrics.com/en/white-paper-home-ffg-9r78fgdx0/,,25/08/2025
Federal Financial Supervisory Authority (BaFin),DE,Crypto Risk Metrics GmbH,39120077M9TG0O1FE242,DE,,,,,,https://crypto-risk-metrics.com/en/white-paper-magic-internet-money-ffg-rqpcrn3vn/,,25/08/2025
Federal Financial Supervisory Authority (BaFin),DE,Crypto Risk Metrics GmbH,39120077M9TG0O1FE242,DE,,,,,,https://crypto-risk-metrics.com/en/white-paper-metaplex-ffg-2fx0h8t88/,,28/08/2025
Federal Financial Supervisory Authority (BaFin),DE,Crypto Risk Metrics GmbH,39120077M9TG0O1FE242,DE,,,,,,https://crypto-risk-metrics.com/en/white-paper-jito-staked-sol-ffg-qf1g0xxmm/,,28/08/2025
Federal Financial Supervisory Authority (BaFin),DE,Crypto Risk Metrics GmbH,39120077M9TG0O1FE242,DE,,,,,,https://crypto-risk-metrics.com/en/white-paper-researchcoin-ffg-fdqm0jpzp/,,28/08/2025
Federal Financial Supervisory Authority (BaFin),DE,Crypto Risk Metrics GmbH,39120077M9TG0O1FE242,DE,,,,,,https://crypto-risk-metrics.com/en/white-paper-succinct-ffg-1zz7h452n/,,28/08/2025
Federal Financial Supervisory Authority (BaFin),DE,Happy Fair Pte. Ltd.,984500C362D275FA3E43,SG,,,,,,https://uxlink.io/docs/micar-whitepaper.pdf ,,29/08/2025
Federal Financial Supervisory Authority (BaFin),DE,zkVerify Foundation,254900YN0N9Y7NYQTF19,KY,,,,,,https://web-assets.zkverify.io/file/vfy-web-assets/VFY+MiCAR+White+Paper.pdf,,01/09/2025
Federal Financial Supervisory Authority (BaFin),DE,Crypto Risk Metrics GmbH,39120077M9TG0O1FE242,DE,,,,,,https://crypto-risk-metrics.com/en/white-paper-dydx-ffg-1hzhk551m/,,02/09/2025
Federal Financial Supervisory Authority (BaFin),DE,CoreTech Software Solutions LLC,984500CB106AEEE4B489,US,,,,,,https://davincoin.com/whitepaper,,06/09/2025
Federal Financial Supervisory Authority (BaFin),DE,OneFootball Capital GmbH,5299004LKSX92NLD9F50,DE,,,,,,https://promo.onefootball.com/legal/whitepaper,,29/09/2025
Federal Financial Supervisory Authority (BaFin),DE,tokenforge GmbH,52990019QB3NF3E16D03,DE,,,,,,https://www.tokenforge.io/tkfg-micar-whitepaper,V3,12/10/2025
Federal Financial Supervisory Authority (BaFin),DE,The Horizen Foundation,25490025UDB7IZN7JM76,KY,,,,,,https://downloads.horizen.io/file/web-assets/ZEN+MiCAR+White+Paper+v3.1.pdf,,24/11/2025
Federal Financial Supervisory Authority (BaFin),DE,tokenforge GmbH,52990019QB3NF3E16D03,DE,,,,,,https://www.tokenforge.io/tkfg-micar-whitepaper,V4,28/11/2025
Federal Financial Supervisory Authority (BaFin),DE,XGR.Network GmbH,391200JHCS27EPI8VE61,DE,,,,,,https://xgr.network,,21/11/2025
Federal Financial Supervisory Authority (BaFin),DE,Crypto Risk Metrics GmbH,39120077M9TG0O1FE242,DE,,,AT | BE | BG | CY | CZ | DE | DK | EE | ES | FI | FR | GR | HR | HU | IE | IS | IT | LI | LT | LU | LV | MT | NL | NO | PL | PT | RO | SE | SI | SK,PPDH6B273,M5D76SHV5 | J7WG2WKPP,https://crypto-risk-metrics.com/en/white-paper-dash-ffg-ppdh6b273/,,12/12/2025
Federal Financial Supervisory Authority (BaFin),DE,Crypto Risk Metrics GmbH,39120077M9TG0O1FE242,DE,,,AT | BE | BG | CY | CZ | DE | DK | EE | ES | FI | FR | GR | HR | HU | IE | IS | IT | LI | LT | LU | LV | MT | NL | NO | PL | PT | RO | SE | SI | SK,NT91TJWNC,5BTQ61NXL,https://crypto-risk-metrics.com/en/white-paper-debridge-ffg-nt91tjwnc,,15/12/2025
Federal Financial Supervisory Authority (BaFin),DE,Crypto Risk Metrics GmbH,39120077M9TG0O1FE242,DE,,,AT | BE | BG | CY | CZ | DE | DK | EE | ES | FI | FR | GR | HR | HU | IE | IS | IT | LI | LT | LU | LV | MT | NL | NO | PL | PT | RO | SE | SI | SK,1SL20Z9P1,1KL3XR8W5,https://www.crypto-risk-metrics.com/en/white-paper-aethir-token-ffg-1sl20z9p1/,note that the publication date for the white paper is 04.02.2026 at which point this record will be updated with the link,06/01/2026
Federal Financial Supervisory Authority (BaFin),DE,Crypto Risk Metrics GmbH,39120077M9TG0O1FE242,DE,,,AT | BE | BG | CY | CZ | DE | DK | EE | ES | FI | FR | GR | HR | HU | IE | IS | IT | LI | LT | LU | LV | MT | NL | NO | PL | PT | RO | SE | SI | SK,42PHJB2BS,L6GTZC9G4 | J815X0DG2 | F2FP5N8RD,https://www.crypto-risk-metrics.com/en/white-paper-ripple-xrp-ffg-42phjb2bs/ ,note that the publication date for the white paper is 04.02.2026 at which point this record will be updated with the link,06/01/2026
Federal Financial Supervisory Authority (BaFin),DE,Crypto Risk Metrics GmbH,39120077M9TG0O1FE242,DE,,,AT | BE | BG | CY | CZ | DE | DK | EE | ES | FI | FR | GR | HR | HU | IE | IS | IT | LI | LT | LU | LV | MT | NL | NO | PL | PT | RO | SE | SI | SK,5RJT6339X,46P3KPLQX | 6SSGLNPPP | JKMF5L4KM,https://www.crypto-risk-metrics.com/en/white-paper-pendle-ffg-5rjt6339x/,note that the publication date for the white paper is 05.02.2026 at which point this record will be updated with the link,07/01/2026
Federal Financial Supervisory Authority (BaFin),DE,Crypto Risk Metrics GmbH,39120077M9TG0O1FE242,DE,,,AT | BE | BG | CY | CZ | DE | DK | EE | ES | FI | FR | GR | HR | HU | IE | IS | IT | LI | LT | LU | LV | MT | NL | NO | PL | PT | RO | SE | SI | SK,6C7F2WVZH,J51DXB76N | 6453368PD | W03RCK39H | HX1NSP98N | MC73KT6K4 | 2RZ13PHH3 | JVMWS68W1 | DJ0QPRH0W,https://www.crypto-risk-metrics.com/en/white-paper-cosmos-atom-ffg-6c7f2wvzh/,note that the publication date for the white paper is 06.02.2026 at which point this record will be updated with the link,08/01/2026
Federal Financial Supervisory Authority (BaFin),DE,Crypto Risk Metrics GmbH,39120077M9TG0O1FE242,DE,,,AT | BE | BG | CY | CZ | DE | DK | EE | ES | FI | FR | GR | HR | HU | IE | IS | IT | LI | LT | LU | LV | MT | NL | NO | PL | PT | RO | SE | SI | SK,FLJPFR9RS,7VTRKSC7S | LGF6FD5NZ,https://www.crypto-risk-metrics.com/en/white-paper-tezos-ffg-fljpfr9rs/,note that the publication date for the white paper is 09.02.2026 at which point this record will be updated with the link,09/01/2026
Federal Financial Supervisory Authority (BaFin),DE,Crypto Risk Metrics GmbH,39120077M9TG0O1FE242,DE,,,AT | BE | BG | CY | CZ | DE | DK | EE | ES | FI | FR | GR | HR | HU | IE | IS | IT | LI | LT | LU | LV | MT | NL | NO | PL | PT | RO | SE | SI | SK,H8BH7VR5W,1WQ8SGRXX,https://www.crypto-risk-metrics.com/en/white-paper-aster-ffg-h8bh7vr5w/,note that the publication date for the white paper is 09.02.2026 at which point this record will be updated with the link,09/01/2026
Federal Financial Supervisory Authority (BaFin),DE,Crypto Risk Metrics GmbH,39120077M9TG0O1FE242,DE,,,AT | BE | BG | CY | CZ | DE | DK | EE | ES | FI | FR | GR | HR | HU | IE | IS | IT | LI | LT | LU | LV | MT | NL | NO | PL | PT | RO | SE | SI | SK,51F8M277P,SD3T05550 | P9R0DDN1T | SCHGL48KC | JN0CW4MS7 | 7S6NLCJ58 | 1B9XWTSFN,https://www.crypto-risk-metrics.com/en/white-paper-basic-attention-token-ffg-51f8m277p/ ,note that the publication date for the white paper is 09.02.2026 at which point this record will be updated with the link,09/01/2026
Federal Financial Supervisory Authority (BaFin),DE,Crypto Risk Metrics GmbH,39120077M9TG0O1FE242,DE,,,AT | BE | BG | CY | CZ | DE | DK | EE | ES | FI | FR | GR | HR | HU | IE | IS | IT | LI | LT | LU | LV | MT | NL | NO | PL | PT | RO | SE | SI | SK,W0746TPZW,DSZ0J72T7,https://www.crypto-risk-metrics.com/en/white-paper-lighter-ffg-w0746tpzw/,note that the publication date for the white paper is 10.02.2026 at which point this record will be updated with the link,12/01/2026
Federal Financial Supervisory Authority (BaFin),DE,Crypto Risk Metrics GmbH,39120077M9TG0O1FE242,DE,,,AT | BE | BG | CY | CZ | DE | DK | EE | ES | FI | FR | GR | HR | HU | IE | IS | IT | LI | LT | LU | LV | MT | NL | NO | PL | PT | RO | SE | SI | SK,KK12JMBTX,QBZLT5MT1,https://www.crypto-risk-metrics.com/en/white-paper-toncoin-ffg-kk12jmbtx/,note that the publication date for the white paper is 11.02.2026 at which point this record will be updated with the link,13/01/2026
Federal Financial Supervisory Authority (BaFin),DE,Crypto Risk Metrics GmbH,39120077M9TG0O1FE242,DE,,,AT | BE | BG | CY | CZ | DE | DK | EE | ES | FI | FR | GR | HR | HU | IE | IS | IT | LI | LT | LU | LV | MT | NL | NO | PL | PT | RO | SE | SI | SK,919BF3W7L,J9K583ZGG | LXMPJ21BK,https://www.crypto-risk-metrics.com/en/white-paper-bitcoin-cash-ffg-919bf3w7l/,note that the publication date for the white paper is 12.02.2026 at which point this record will be updated with the link,14/01/2026
Federal Financial Supervisory Authority (BaFin),DE,Crypto Risk Metrics GmbH,39120077M9TG0O1FE242,DE,,,AT | BE | BG | CY | CZ | DE | DK | EE | ES | FI | FR | GR | HR | HU | IE | IS | IT | LI | LT | LU | LV | MT | NL | NO | PL | PT | RO | SE | SI | SK,ZCN8SR2H7,C4SRNZD8K,https://www.crypto-risk-metrics.com/en/white-paper-stellar-lumen-ffg-zcn8sr2h7/,note that the publication date for the white paper is 13.02.2026 at which point this record will be updated with the link,15/01/2026
Federal Financial Supervisory Authority (BaFin),DE,Crypto Risk Metrics GmbH,39120077M9TG0O1FE242,DE,,,AT | BE | BG | CY | CZ | DE | DK | EE | ES | FI | FR | GR | HR | HU | IE | IS | IT | LI | LT | LU | LV | MT | NL | NO | PL | PT | RO | SE | SI | SK,HX56HH1ZX,J00HX4V8D | 35GRTLSHL | GRQRQJ7H6 | GTQXFBH4H,https://www.crypto-risk-metrics.com/en/white-paper-0x-protocol-token-ffg-hx56hh1zx/,note that the publication date for the white paper is 16.02.2026 at which point this record will be updated with the link,16/01/2026
Federal Financial Supervisory Authority (BaFin),DE,Crypto Risk Metrics GmbH,39120077M9TG0O1FE242,DE,,,AT | BE | BG | CY | CZ | DE | DK | EE | ES | FI | FR | GR | HR | HU | IE | IS | IT | LI | LT | LU | LV | MT | NL | NO | PL | PT | RO | SE | SI | SK,69Q6NLJ3M,986NQK6FQ | T4K8C1K5J,https://www.crypto-risk-metrics.com/en/white-paper-rocket-pool-ffg-69q6nlj3m/,note that the publication date for the white paper is 16.02.2026 at which point this record will be updated with the link,16/01/2026
Federal Financial Supervisory Authority (BaFin),DE,Crypto Risk Metrics GmbH,39120077M9TG0O1FE242,DE,,,AT | BE | BG | CY | CZ | DE | DK | EE | ES | FI | FR | GR | HR | HU | IE | IS | IT | LI | LT | LU | LV | MT | NL | NO | PL | PT | RO | SE | SI | SK,WHX0WG0LT,QD1L1XC82,https://crypto-risk-metrics.com/en/white-paper-orchid-ffg-whx0wg0lt/,note that the publication date for the white paper is 17.02.2026 at which point this record will be updated with the link,19/01/2026
Federal Financial Supervisory Authority (BaFin),DE,Crypto Risk Metrics GmbH,39120077M9TG0O1FE242,DE,,,AT | BE | BG | CY | CZ | DE | DK | EE | ES | FI | FR | GR | HR | HU | IE | IS | IT | LI | LT | LU | LV | MT | NL | NO | PL | PT | RO | SE | SI | SK,GWM30MLW3,DQG22RKCR | ZBC8DTX8G | G0V71VTTX | 2MPCC77C1 | 5VNCFR2T5 | C77WR20TB | D00BX2H21,https://www.crypto-risk-metrics.com/en/white-paper-cronos-ffg-gwm30mlw3/,note that the publication date for the white paper is 18.02.2026 at which point this record will be updated with the link,20/01/2026
Federal Financial Supervisory Authority (BaFin),DE,Crypto Risk Metrics GmbH,39120077M9TG0O1FE242,DE,,,AT | BE | BG | CY | CZ | DE | DK | EE | ES | FI | FR | GR | HR | HU | IE | IS | IT | LI | LT | LU | LV | MT | NL | NO | PL | PT | RO | SE | SI | SK,ZJD78PMV6,6JSTHXLL5,https://www.crypto-risk-metrics.com/en/white-paper-nomina-ffg-zjd78pmv6/,note that the publication date for the white paper is 19.02.2026 at which point this record will be updated with the link,21/01/2026
Federal Financial Supervisory Authority (BaFin),DE,XGR.Network GmbH,391200JHCS27EPI8VE61,DE,,,AT | BE | BG | CY | CZ | DE | DK | EE | ES | FI | FR | GR | HR | HU | IE | IS | IT | LI | LT | LU | LV | MT | NL | NO | PL | PT | RO | SE | SI | SK,not available,not available,https://xgr.network/whitepaper/,Modification,22/01/2026
Federal Financial Supervisory Authority (BaFin),DE,Crypto Risk Metrics GmbH,39120077M9TG0O1FE242,DE,,,AT | BE | BG | CY | CZ | DE | DK | EE | ES | FI | FR | GR | HR | HU | IE | IS | IT | LI | LT | LU | LV | MT | NL | NO | PL | PT | RO | SE | SI | SK,SCB411WJ4,NKK8ZTL3N,https://white-paper.crypto-risk-metrics.com/en/jupiter-ffg-scb411wj4/index.html,note that the publication date for the white paper is 20.02.2026 at which point this record will be updated with the link,22/01/2026
Federal Financial Supervisory Authority (BaFin),DE,Crypto Risk Metrics GmbH,39120077M9TG0O1FE242,DE,,,AT | BE | BG | CY | CZ | DE | DK | EE | ES | FI | FR | GR | HR | HU | IE | IS | IT | LI | LT | LU | LV | MT | NL | NO | PL | PT | RO | SE | SI | SK,DQT9BWGCF,40T02XGS7 | JWF49CSB4 | XP8DZ9R1T,https://white-paper.crypto-risk-metrics.com/en/reserve-rights-ffg-dqt9bwgcf/index.html,note that the publication date for the white paper is 20.02.2026 at which point this record will be updated with the link,22/01/2026
Federal Financial Supervisory Authority (BaFin),DE,Crypto Risk Metrics GmbH,39120077M9TG0O1FE242,DE,,,AT | BE | BG | CY | CZ | DE | DK | EE | ES | FI | FR | GR | HR | HU | IE | IS | IT | LI | LT | LU | LV | MT | NL | NO | PL | PT | RO | SE | SI | SK,C4CQCGLH2,SSFZXXTDD | SMB9ZBCGN,https://white-paper.crypto-risk-metrics.com/en/aptos-coin-ffg-c4cqcglh2/index.html,note that the publication date for the white paper is 27.02.2026 at which point this record will be updated with the link,29/01/2026
Federal Financial Supervisory Authority (BaFin),DE,Crypto Risk Metrics GmbH,39120077M9TG0O1FE242,DE,,,AT | BE | BG | CY | CZ | DE | DK | EE | ES | FI | FR | GR | HR | HU | IE | IS | IT | LI | LT | LU | LV | MT | NL | NO | PL | PT | RO | SE | SI | SK,X70FVW3GT,LMHCZNKGJ | DKL80HPK3 | HSFLNXG3J | PCM57R0JT,https://white-paper.crypto-risk-metrics.com/en/beam-ffg-x70fvw3gt/index.html ,note that the publication date for the white paper is 03.03.2026 at which point this record will be updated with the link,30/01/2026
Federal Financial Supervisory Authority (BaFin),DE,Crypto Risk Metrics GmbH,39120077M9TG0O1FE242,DE,,,AT | BE | BG | CY | CZ | DE | DK | EE | ES | FI | FR | GR | HR | HU | IE | IS | IT | LI | LT | LU | LV | MT | NL | NO | PL | PT | RO | SE | SI | SK,KCHF60NW7,NVQLHF357 | DXNJVNZC9 | FK0F23L2H | QHFMLBRMD | BKJMCZ016 | R263M88WC,https://white-paper.crypto-risk-metrics.com/en/compound-ffg-kchf60nw7/index.html,note that the publication date for the white paper is 03.03.2026 at which point this record will be updated with the link,02/02/2026
Federal Financial Supervisory Authority (BaFin),DE,Crypto Risk Metrics GmbH,39120077M9TG0O1FE242,DE,,,AT | BE | BG | CY | CZ | DE | DK | EE | ES | FI | FR | GR | HR | HU | IE | IS | IT | LI | LT | LU | LV | MT | NL | NO | PL | PT | RO | SE | SI | SK,3R3J70FDR,8SBB81M2M | GH40FM7C2 | FF5C3VCJ2 | XD1LCN74F | V8GM3FHLD | TX4QCLDND | R9VLBJZR4 | N06L5TBWG | 4B3160BBC,https://white-paper.crypto-risk-metrics.com/en/chainlink-token-ffg-3r3j70fdr/index.html,note that the publication date for the white paper is 11.03.2026 at which point this record will be updated with the link,09/02/2026
Federal Financial Supervisory Authority (BaFin),DE,Crypto Risk Metrics GmbH,39120077M9TG0O1FE242,DE,,,AT | BE | BG | CY | CZ | DE | DK | EE | ES | FI | FR | GR | HR | HU | IE | IS | IT | LI | LT | LU | LV | MT | NL | NO | PL | PT | RO | SE | SI | SK,B70SMJ5DQ,7GTNZH1VL | 9WKT78ZW7,https://white-paper.crypto-risk-metrics.com/en/ethereum-name-service-ffg-b70smj5dq/index.html  ,note that the publication date for the white paper is 13.03.2026 at which point this record will be updated with the link,11/02/2026
Federal Financial Supervisory Authority (BaFin),DE,WYND Capital GmbH /MD Capital GmbH,5299009TAO6KQPMSWG48,DE,,,BE | BG | CY | CZ | DE | DK | EE | ES | FI | FR | GR | HR | HU | IE | IS | IT | LI | LT | LU | LV | MT | NL | NO | PL | PT | RO | SE | SI | SK,,,https://wynd.group/,note that the publication date for the white paper is 12.03.2026 at which point this record will be updated with the link,11/02/2026
Federal Financial Supervisory Authority (BaFin),DE,Hassan Systems GmbH,N/A,DE,,,AT | BE | BG | CY | CZ | DE | DK | EE | ES | FI | FR | GR | HR | HU | IE | IS | IT | LI | LT | LU | LV | MT | NL | NO | PL | PT | RO | SE | SI | SK,,,https://getlea.org/,note that the publication date for the white paper is 12.03.2026 at which point this record will be updated with the link,19/02/2026
Federal Financial Supervisory Authority (BaFin),DE,Crypto Risk Metrics GmbH,39120077M9TG0O1FE242,DE,,,AT | BE | BG | CY | CZ | DE | DK | EE | ES | FI | FR | GR | HR | HU | IE | IS | IT | LI | LT | LU | LV | MT | NL | NO | PL | PT | RO | SE | SI | SK,KF6RX3LR1,KF6RX3LR1,https://white-paper.crypto-risk-metrics.com/en/doodles-ffg-kf6rx3lr1/index.html,note that the publication date for the white paper is 16.03.2026 at which point this record will be updated with the link,12/02/2026
Federal Financial Supervisory Authority (BaFin),DE,Crypto Risk Metrics GmbH,39120077M9TG0O1FE242,DE,,,AT | BE | BG | CY | CZ | DE | DK | EE | ES | FI | FR | GR | HR | HU | IE | IS | IT | LI | LT | LU | LV | MT | NL | NO | PL | PT | RO | SE | SI | SK,7HFXRDFHH,BL6GMJNDW,https://white-paper.crypto-risk-metrics.com/en/raydium-ffg-7hfxrdfhh/index.html,note that the publication date for the white paper is 30.03.2026 at which point this record will be updated with the link,26/02/2026
Federal Financial Supervisory Authority (BaFin),DE,Crypto Risk Metrics GmbH,39120077M9TG0O1FE242,DE,,,AT | BE | BG | CY | CZ | DE | DK | EE | ES | FI | FR | GR | HR | HU | IE | IS | IT | LI | LT | LU | LV | MT | NL | NO | PL | PT | RO | SE | SI | SK,L0DZSBLVZ,8JTDJ95PK| HJ1K3JQ1C| ZLX3SSPX5| HFT3N3C48| 291SG90B8,https://white-paper.crypto-risk-metrics.com/en/kyber-network-crystal-v2-ffg-l0dzsblvz/index.html,note that the publication date for the white paper is 30.03.2026 at which point this record will be updated with the link,26/02/2026
Federal Financial Supervisory Authority (BaFin),DE,Crypto Risk Metrics GmbH,39120077M9TG0O1FE242,DE,,,AT | BE | BG | CY | CZ | DE | DK | EE | ES | FI | FR | GR | HR | HU | IE | IS | IT | LI | LT | LU | LV | MT | NL | NO | PL | PT | RO | SE | SI | SK,2ZWVZTDF9,203M4P6PQ,https://white-paper.crypto-risk-metrics.com/en/trustcoin-wetrust-ffg-2zwvztdf9/index.html ,note that the publication date for the white paper is 27.03.2026 at which point this record will be updated with the link,02/03/2026
Federal Financial Supervisory Authority (BaFin),DE,Crypto Risk Metrics GmbH,39120077M9TG0O1FE242,DE,,,AT | BE | BG | CY | CZ | DE | DK | EE | ES | FI | FR | GR | HR | HU | IE | IS | IT | LI | LT | LU | LV | MT | NL | NO | PL | PT | RO | SE | SI | SK,M4HFTFNPC,VB2Q3G56B,https://white-paper.crypto-risk-metrics.com/en/shiba-inu-ffg-m4hftfnpc/index.html,note that the publication date for the white paper is 01.04.2026 at which point this record will be updated with the link,02/03/2026
Federal Financial Supervisory Authority (BaFin),DE,Crypto Risk Metrics GmbH,39120077M9TG0O1FE242,DE,,,AT | BE | BG | CY | CZ | DE | DK | EE | ES | FI | FR | GR | HR | HU | IE | IS | IT | LI | LT | LU | LV | MT | NL | NO | PL | PT | RO | SE | SI | SK,FRZQZJ7BL,GZ40989SS| JMR8LX1MX,https://white-paper.crypto-risk-metrics.com/en/plume-ffg-frzqzj7bl/index.html,note that the publication date for the white paper is 12.03.2026 at which point this record will be updated with the link,02/03/2026
Federal Financial Supervisory Authority (BaFin),DE,Crypto Risk Metrics GmbH,39120077M9TG0O1FE242,DE,,,AT | BE | BG | CY | CZ | DE | DK | EE | ES | FI | FR | GR | HR | HU | IE | IS | IT | LI | LT | LU | LV | MT | NL | NO | PL | PT | RO | SE | SI | SK,QF1G0XXMM,QF1G0XXMM,https://crypto-risk-metrics.com/en/white-paper-jito-staked-sol-ffg-qf1g0xxmm/,Modification,19/02/2026
Federal Financial Supervisory Authority (BaFin),DE,Crypto Risk Metrics GmbH,39120077M9TG0O1FE242,DE,,,AT | BE | BG | CY | CZ | DE | DK | EE | ES | FI | FR | GR | HR | HU | IE | IS | IT | LI | LT | LU | LV | MT | NL | NO | PL | PT | RO | SE | SI | SK,TCJP479H2,CTJSN9JL1,https://white-paper.crypto-risk-metrics.com/en/humidifi-token-ffg-tcjp479h2/index.html,note that the publication date for the white paper is 08.04.2026 at which point this record will be updated with the link,05/03/2026
Federal Financial Supervisory Authority (BaFin),DE,Crypto Risk Metrics GmbH,39120077M9TG0O1FE242,DE,,,AT | BE | BG | CY | CZ | DE | DK | EE | ES | FI | FR | GR | HR | HU | IE | IS | IT | LI | LT | LU | LV | MT | NL | NO | PL | PT | RO | SE | SI | SK,44TP35HF9,63TGWHVCD| 93K9SQP62,https://white-paper.crypto-risk-metrics.com/en/arbitrum-ffg-44tp35hf9/index.html,note that the publication date for the white paper is 14.04.2026 at which point this record will be updated with the link,12/03/2026
Federal Financial Supervisory Authority (BaFin),DE,Crypto Risk Metrics GmbH,39120077M9TG0O1FE242,DE,,,AT | BE | BG | CY | CZ | DE | DK | EE | ES | FI | FR | GR | HR | HU | IE | IS | IT | LI | LT | LU | LV | MT | NL | NO | PL | PT | RO | SE | SI | SK,G8N7HJ69S,NBV17VLKN| V87RMRKW0,https://white-paper.crypto-risk-metrics.com/en/opinion-ffg-g8n7hj69s/index.html,note that the publication date for the white paper is 15.04.2026 at which point this record will be updated with the link,13/03/2026
Federal Financial Supervisory Authority (BaFin),DE,Heldfor GmbH,3912004VJULS6O5MBQ84,DE,,,DE,,,N/A,note that the publication date for the white paper is 17.04.2026 at which point this record will be updated with the link,17/03/2026
Federal Financial Supervisory Authority (BaFin),DE,Crypto Risk Metrics GmbH,39120077M9TG0O1FE242,DE,,,AT | BE | BG | CY | CZ | DE | DK | EE | ES | FI | FR | GR | HR | HU | IE | IS | IT | LI | LT | LU | LV | MT | NL | NO | PL | PT | RO | SE | SI | SK,3SPXMRFNC,12LDTQ14F,https://white-paper.crypto-risk-metrics.com/en/renzo-ffg-3spxmrfnc/index.html,,27/03/2026
Federal Financial Supervisory Authority (BaFin),DE,Crypto Risk Metrics GmbH,39120077M9TG0O1FE242,DE,,,AT | BE | BG | CY | CZ | DE | DK | EE | ES | FI | FR | GR | HR | HU | IE | IS | IT | LI | LT | LU | LV | MT | NL | NO | PL | PT | RO | SE | SI | SK,H9W8HR1JD,XZDKBPFTV,https://white-paper.crypto-risk-metrics.com/en/troll-ffg-h9w8hr1jd/index.html,,27/03/2026
Federal Financial Supervisory Authority (BaFin),DE,Crypto Risk Metrics GmbH,39120077M9TG0O1FE242,DE,,,AT | BE | BG | CY | CZ | DE | DK | EE | ES | FI | FR | GR | HR | HU | IE | IS | IT | LI | LT | LU | LV | MT | NL | NO | PL | PT | RO | SE | SI | SK,GCG7S59XF,VDPZMTZHM,https://white-paper.crypto-risk-metrics.com/en/layer3-ffg-gcg7s59xf/index.html. ,,27/03/2026
Federal Financial Supervisory Authority (BaFin),DE,Crypto Risk Metrics GmbH,39120077M9TG0O1FE242,DE,,,AT | BE | BG | CY | CZ | DE | DK | EE | ES | FI | FR | GR | HR | HU | IE | IS | IT | LI | LT | LU | LV | MT | NL | NO | PL | PT | RO | SE | SI | SK,64RFW3D8P,90KLX8GQX| Z4WDVXT0Z,https://white-paper.crypto-risk-metrics.com/en/sui-ffg-64rfw3d8p/index.html ,,02/04/2026
Federal Financial Supervisory Authority (BaFin),DE,Crypto Risk Metrics GmbH,39120077M9TG0O1FE242,DE,,,AT | BE | BG | CY | CZ | DE | DK | EE | ES | FI | FR | GR | HR | HU | IE | IS | IT | LI | LT | LU | LV | MT | NL | NO | PL | PT | RO | SE | SI | SK,XMB84LZBZ,829HMDG5N| 8K1B669GJ| P1FTS4328| TS0ZHWLV8,https://white-paper.crypto-risk-metrics.com/en/uniswap-ffg-xmb84lzbz/index.html,,02/04/2026
Federal Financial Supervisory Authority (BaFin),DE,OneFootball Capital GmbH,5299004LKSX92NLD9F50,DE,,,AT | BE | BG | CY | CZ | DE | DK | EE | ES | FI | FR | GR | HR | HU | IE | IS | IT | LI | LT | LU | LV | MT | NL | NO | PL | PT | RO | SE | SI | SK,,X9J9K872S,https://promo.onefootball.com/legal/whitepaper,Modification,07/04/2026
Federal Financial Supervisory Authority (BaFin),DE,Crypto Risk Metrics GmbH,39120077M9TG0O1FE242,DE,,,AT | BE | BG | CY | CZ | DE | DK | EE | ES | FI | FR | GR | HR | HU | IE | IS | IT | LI | LT | LU | LV | MT | NL | NO | PL | PT | RO | SE | SI | SK,6QZ1LNC12,20J63Z4N3,https://white-paper.crypto-risk-metrics.com/en/solana-sol-ffg-6qz1lnc12/index.html,,13/04/2026
Federal Financial Supervisory Authority (BaFin),DE,Crypto Risk Metrics GmbH,39120077M9TG0O1FE242,DE,,,AT | BE | BG | CY | CZ | DE | DK | EE | ES | FI | FR | GR | HR | HU | IE | IS | IT | LI | LT | LU | LV | MT | NL | NO | PL | PT | RO | SE | SI | SK,Q2537P85K,713C8WJPM| Q3H99491J| WSNQSD82H,https://white-paper.crypto-risk-metrics.com/en/based-ffg-q2537p85k/index.html,,09/04/2026
Federal Financial Supervisory Authority (BaFin),DE,Crypto Risk Metrics GmbH,39120077M9TG0O1FE242,DE,,,AT | BE | BG | CY | CZ | DE | DK | EE | ES | FI | FR | GR | HR | HU | IE | IS | IT | LI | LT | LU | LV | MT | NL | NO | PL | PT | RO | SE | SI | SK,K8S6W74KS,M8Z9JSG9Q,https://white-paper.crypto-risk-metrics.com/en/algorand-ffg-k8s6w74ks/index.html,,07/04/2026
Federal Financial Supervisory Authority (BaFin),DE,Crypto Risk Metrics GmbH,39120077M9TG0O1FE242,DE,,,AT | BE | BG | CY | CZ | DE | DK | EE | ES | FI | FR | GR | HR | HU | IE | IS | IT | LI | LT | LU | LV | MT | NL | NO | PL | PT | RO | SE | SI | SK,GNL7G95JR,9JDRM54GC| 5V04W5VSB,https://white-paper.crypto-risk-metrics.com/en/blend-ffg-gnl7g95jr/index.html,,02/04/2026
Federal Financial Supervisory Authority (BaFin),DE,XGR.Network GmbH,391200JHCS27EPI8VE61,DE,,,AT | BE | BG | CY | CZ | DE | DK | EE | ES | FI | FR | GR | HR | HU | IE | IS | IT | LI | LT | LU | LV | MT | NL | NO | PL | PT | RO | SE | SI | SK,,,https://xgr.network/whitepaper/ ,Modification,04/04/2026
Federal Financial Supervisory Authority (BaFin),DE,Crypto Risk Metrics GmbH,39120077M9TG0O1FE242,DE,,,AT | BE | BG | CY | CZ | DE | DK | EE | ES | FI | FR | GR | HR | HU | IE | IS | IT | LI | LT | LU | LV | MT | NL | NO | PL | PT | RO | SE | SI | SK,S6JCBF70N,M3Z631TN4| 4FHS0SNBQ| CZHS0S2RB,https://white-paper.crypto-risk-metrics.com/en/avalanche-ffg-s6jcbf70n/index.html ,,21/04/2026
Federal Financial Supervisory Authority (BaFin),DE,Leondra GmbH,,DE,Coinbase Luxembourg S.A.,984500F14CA4571AAC11,AT | BE | BG | CY | CZ | DE | DK | EE | ES | FI | FR | GR | HR | HU | IE | IS | IT | LI | LT | LU | LV | MT | NL | NO | PL | PT | RO | SE | SI | SK,,,https://xleo.leondrino.com/en/home/#whitepaper,,06/02/2026
Federal Financial Supervisory Authority (BaFin),DE,Crypto Risk Metrics GmbH,39120077M9TG0O1FE242,DE,,,AT | BE | BG | CY | CZ | DE | DK | EE | ES | FI | FR | GR | HR | HU | IE | IS | IT | LI | LT | LU | LV | MT | NL | NO | PL | PT | RO | SE | SI | SK,"	76QS7QCXB",HWGL1C2CK,https://white-paper.crypto-risk-metrics.com/en/cardano-ada-ffg-76qs7qcxb/index.html,,27/04/2026
Federal Financial Supervisory Authority (BaFin),DE,Crypto Risk Metrics GmbH,39120077M9TG0O1FE242,DE,,,AT | BE | BG | CY | CZ | DE | DK | EE | ES | FI | FR | GR | HR | HU | IE | IS | IT | LI | LT | LU | LV | MT | NL | NO | PL | PT | RO | SE | SI | SK,4GX02L80B,LPPHF6K4C| VS93QW822,https://white-paper.crypto-risk-metrics.com/en/helium-ffg-4gx02l80b/index.html,,27/04/2026
Federal Financial Supervisory Authority (BaFin),DE,Crypto Risk Metrics GmbH,39120077M9TG0O1FE242,DE,,,AT | BE | BG | CY | CZ | DE | DK | EE | ES | FI | FR | GR | HR | HU | IE | IS | IT | LI | LT | LU | LV | MT | NL | NO | PL | PT | RO | SE | SI | SK,44TP35HF9,63TGWHVCD| 93K9SQP62,https://white-paper.crypto-risk-metrics.com/en/arbitrum-ffg-44tp35hf9/index.html,Modification,05/05/2026
Federal Financial Supervisory Authority (BaFin),DE,LOT Foundation Limited,529900LQW272RBKLIV93,DE,,,AT | BE | BG | CY | CZ | DE | DK | EE | ES | FI | FR | GR | HR | HU | IE | IS | IT | LI | LT | LU | LV | MT | NL | NO | PL | PT | RO | SE | SI | SK,,,https://leagueoftraders.io/MiCAR_WhitePaper.pdf ,,06/05/2026
Federal Financial Supervisory Authority (BaFin),DE,Crypto Risk Metrics GmbH,39120077M9TG0O1FE242,DE,,,AT | BE | BG | CY | CZ | DE | DK | EE | ES | FI | FR | GR | HR | HU | IE | IS | IT | LI | LT | LU | LV | MT | NL | NO | PL | PT | RO | SE | SI | SK,ZN1MJGVLX,WWMN8KJWC| 6VGJMR9PK| 7XNZ3KK67| 9VSMXTSM2| D4W32DPGP| HPVXGTF8V| MVCDDN6Q2| PZ5PWDTV1| Q2QDNVB1X| TD3VWXG02| WF9C3FK6M> X5B92NG0R,https://white-paper.crypto-risk-metrics.com/en/axelar-ffg-zn1mjgvlx/index.html,,05/05/2026
Federal Financial Supervisory Authority (BaFin),DE,Crypto Risk Metrics GmbH,39120077M9TG0O1FE242,DE,,,AT | BE | BG | CY | CZ | DE | DK | EE | ES | FI | FR | GR | HR | HU | IE | IS | IT | LI | LT | LU | LV | MT | NL | NO | PL | PT | RO | SE | SI | SK,TDS6NVZ46,S87NJRT7T| RS9SFC444| XJJVDPSK0,https://white-paper.crypto-risk-metrics.com/en/osmosis-ffg-tds6nvz46/index.html,,22/05/2026
Federal Financial Supervisory Authority (BaFin),DE,The Horizon Foundation,25490025UDB7IZN7JM76,NL,,,AT | BE | BG | CY | CZ | DE | DK | EE | ES | FI | FR | GR | HR | HU | IE | IS | IT | LI | LT | LU | LV | MT | NL | NO | PL | PT | RO | SE | SI | SK,T9QL1ZT5D,KL03F6N2L,horizen.micarwhitepapers.eu,,22/05/2026
Federal Financial Supervisory Authority (BaFin),DE,Crypto Risk Metrics GmbH,39120077M9TG0O1FE242,DE,,,AT | BE | BG | CY | CZ | DE | DK | EE | ES | FI | FR | GR | HR | HU | IE | IS | IT | LI | LT | LU | LV | MT | NL | NO | PL | PT | RO | SE | SI | SK,V15WLZJMF,4H95J0R2X;K1NS41N51,https://white-paper.crypto-risk-metrics.com/de/bitcoin-ffg-v15wlzjmf/index.html.,Modification,26/05/2026
Federal Financial Supervisory Authority (BaFin),DE,Crypto Risk Metrics GmbH,39120077M9TG0O1FE242,DE,,,AT | BE | BG | CY | CZ | DE | DK | EE | ES | FI | FR | GR | HR | HU | IE | IS | IT | LI | LT | LU | LV | MT | NL | NO | PL | PT | RO | SE | SI | SK,D74JZ1VRD,WTX0G7K46,https://white-paper.crypto-risk-metrics.com/de/litecoin-ffg-d74jz1vrd/index.html,Modification,25/05/2026
Federal Financial Supervisory Authority (BaFin),DE,Crypto Risk Metrics GmbH,39120077M9TG0O1FE242,DE,,,AT | BE | BG | CY | CZ | DE | DK | EE | ES | FI | FR | GR | HR | HU | IE | IS | IT | LI | LT | LU | LV | MT | NL | NO | PL | PT | RO | SE | SI | SK,D5RG2FHH0,X9J9K872S,https://white-paper.crypto-risk-metrics.com/en/ethereum-eth-ffg-d5rg2fhh0/index.html,Modification,30/06/2026
Federal Financial Supervisory Authority (BaFin),DE,Crypto Risk Metrics GmbH,39120077M9TG0O1FE242,DE,,,AT | BE | BG | CY | CZ | DE | DK | EE | ES | FI | FR | GR | HR | HU | IE | IS | IT | LI | LT | LU | LV | MT | NL | NO | PL | PT | RO | SE | SI | SK,DGMQMFZD4,GWQWXVV7J,https://white-paper.crypto-risk-metrics.com/en/ethereum-classic-ether-ffg-dgmqmfzd4/index.html,Modification,01/06/2026
Federal Financial Supervisory Authority (BaFin),DE,Leondra GmbH,,DE,Coinbase Luxembourg S.A.,984500F14CA4571AAC11,AT | BE | BG | CY | CZ | DE | DK | EE | ES | FI | FR | GR | HR | HU | IE | IS | IT | LI | LT | LU | LV | MT | NL | NO | PL | PT | RO | SE | SI | SK,,,https://xleo.leondrino.com/en/home/#whitepaper,Modification,26/05/2026
Federal Financial Supervisory Authority (BaFin),DE,Crypto Risk Metrics GmbH,39120077M9TG0O1FE242,DE,,,AT | BE | BG | CY | CZ | DE | DK | EE | ES | FI | FR | GR | HR | HU | IE | IS | IT | LI | LT | LU | LV | MT | NL | NO | PL | PT | RO | SE | SI | SK,35PLJP6J7,820B7G1NL,https://white-paper.crypto-risk-metrics.com/en/dogecoin-ffg-35pljp6j7/index.htm,,05/06/2026
Federal Financial Supervisory Authority (BaFin),DE,Crypto Risk Metrics GmbH,39120077M9TG0O1FE242,DE,,,AT | BE | BG | CY | CZ | DE | DK | EE | ES | FI | FR | GR | HR | HU | IE | IS | IT | LI | LT | LU | LV | MT | NL | NO | PL | PT | RO | SE | SI | SK,1QM2QZQ5N,45J3BLQQC| D1MPWZP6C| WZV5DWBN8| VWMZRF3S6| NXRTM7Q1K,https://white-paper.crypto-risk-metrics.com/en/band-ffg-1qm2qzq5n/index.html,,05/06/2026
Federal Financial Supervisory Authority (BaFin),DE,Crypto Risk Metrics GmbH,39120077M9TG0O1FE242,DE,,,AT | BE | BG | CY | CZ | DE | DK | EE | ES | FI | FR | GR | HR | HU | IE | IS | IT | LI | LT | LU | LV | MT | NL | NO | PL | PT | RO | SE | SI | SK,M7NN4STH9,VTMS6V53Z| 12NRRG38S| TQ1G4JDD1,https://white-paper.crypto-risk-metrics.com/en/celestia-ffg-m7nn4sth9/index.html,,08/06/2026
Federal Financial Supervisory Authority (BaFin),DE,Crypto Risk Metrics GmbH,39120077M9TG0O1FE242,DE,,,AT | BE | BG | CY | CZ | DE | DK | EE | ES | FI | FR | GR | HR | HU | IE | IS | IT | LI | LT | LU | LV | MT | NL | NO | PL | PT | RO | SE | SI | SK,S6702SWRZ,K8B662X5Z| C0SK6LJX1| D3K7WMHT1,https://white-paper.crypto-risk-metrics.com/en/filecoin-ffg-s6702swrz/index.html,,10/06/2026
Federal Financial Supervisory Authority (BaFin),DE,Crypto Risk Metrics GmbH,39120077M9TG0O1FE242,DE,,,AT | BE | BG | CY | CZ | DE | DK | EE | ES | FI | FR | GR | HR | HU | IE | IS | IT | LI | LT | LU | LV | MT | NL | NO | PL | PT | RO | SE | SI | SK,GB8DQ8DWN,HGMF3TRBK| RQWW6J6K0;| 612RCQLCX,https://white-paper.crypto-risk-metrics.com/en/polygon-pol-ffg-gb8dq8dwn/index.html,,17/06/2026
Federal Financial Supervisory Authority (BaFin),DE,Crypto Risk Metrics GmbH,39120077M9TG0O1FE242,DE,,,AT | BE | BG | CY | CZ | DE | DK | EE | ES | FI | FR | GR | HR | HU | IE | IS | IT | LI | LT | LU | LV | MT | NL | NO | PL | PT | RO | SE | SI | SK,JTCV65M2F,BQ53DH590,https://white-paper.crypto-risk-metrics.com/en/metadao-ffg-jtcv65m2f/index.html,,18/06/2026
Federal Financial Supervisory Authority (BaFin),DE,Crypto Risk Metrics GmbH,39120077M9TG0O1FE242,DE,,,AT | BE | BG | CY | CZ | DE | DK | EE | ES | FI | FR | GR | HR | HU | IE | IS | IT | LI | LT | LU | LV | MT | NL | NO | PL | PT | RO | SE | SI | SK,WKH09L3DV,8DM439GVJ,https://white-paper.crypto-risk-metrics.com/en/ondo-ffg-wkh09l3dv/index.html,,19/06/2026
Federal Financial Supervisory Authority (BaFin),DE,Crypto Risk Metrics GmbH,39120077M9TG0O1FE242,DE,,,AT | BE | BG | CY | CZ | DE | DK | EE | ES | FI | FR | GR | HR | HU | IE | IS | IT | LI | LT | LU | LV | MT | NL | NO | PL | PT | RO | SE | SI | SK,J41R6PF81,N4V1RMPST,https://white-paper.crypto-risk-metrics.com/en/pepe-ffg-j41r6pf81/index.html,,02/07/2026
Federal Financial Supervisory Authority (BaFin),DE,Crypto Risk Metrics GmbH,39120077M9TG0O1FE242,DE,,,AT | BE | BG | CY | CZ | DE | DK | EE | ES | FI | FR | GR | HR | HU | IE | IS | IT | LI | LT | LU | LV | MT | NL | NO | PL | PT | RO | SE | SI | SK, LJDPGNXXK,13D4K4NW6| 3R313RR9C,https://white-paper.crypto-risk-metrics.com/en/official-trump-ffg-ljdpgnxxk/index.html,Modification,30/06/2026
Federal Financial Supervisory Authority (BaFin),DE,Crypto Risk Metrics GmbH,39120077M9TG0O1FE242,DE,,,AT | BE | BG | CY | CZ | DE | DK | EE | ES | FI | FR | GR | HR | HU | IE | IS | IT | LI | LT | LU | LV | MT | NL | NO | PL | PT | RO | SE | SI | SK,SGD9NLTRG,S8CVG4KKZ| P5B46MFPP| KNPTB87Q5| N3TLFXRZL,https://white-paper.crypto-risk-metrics.com/en/polkadot-dot-ffg-sgd9nltrg/index.html,,09/07/2026
Federal Financial Supervisory Authority (BaFin),DE,Crypto Risk Metrics GmbH,39120077M9TG0O1FE242,DE,,,AT | BE | BG | CY | CZ | DE | DK | EE | ES | FI | FR | GR | HR | HU | IE | IS | IT | LI | LT | LU | LV | MT | NL | NO | PL | PT | RO | SE | SI | SK,VMQPVH41W,1K8HT8SZW| 7744P2WPH| ZLZ8X4SKJ,https://white-paper.crypto-risk-metrics.com/en/graph-token-ffg-vmqpvh41w/index.html,,09/07/2026
Federal Financial Supervisory Authority (BaFin),DE,Crypto Risk Metrics GmbH,39120077M9TG0O1FE242,DE,,,AT | BE | BG | CY | CZ | DE | DK | EE | ES | FI | FR | GR | HR | HU | IE | IS | IT | LI | LT | LU | LV | MT | NL | NO | PL | PT | RO | SE | SI | SK,92M9B0DZ7,WFQSW1L5L| JVHX3MS60| LGWSMX228| VKJM0GHDH| VS82ZDXTF,https://white-paper.crypto-risk-metrics.com/en/injective-token-ffg-92m9b0dz7/index.html,,14/07/2026
Federal Financial Supervisory Authority (BaFin),DE,Crypto Risk Metrics GmbH,39120077M9TG0O1FE242,DE,,,AT | BE | BG | CY | CZ | DE | DK | EE | ES | FI | FR | GR | HR | HU | IE | IS | IT | LI | LT | LU | LV | MT | NL | NO | PL | PT | RO | SE | SI | SK,R1XC4HQT5,JSB445WQN| MFB10VML7,https://white-paper.crypto-risk-metrics.com/en/floki-ffg-r1xc4hqt5/index.html,,29/07/2026
Federal Financial Supervisory Authority (BaFin),DE,Crypto Risk Metrics GmbH,39120077M9TG0O1FE242,DE,,,AT | BE | BG | CY | CZ | DE | DK | EE | ES | FI | FR | GR | HR | HU | IE | IS | IT | LI | LT | LU | LV | MT | NL | NO | PL | PT | RO | SE | SI | SK,"	KK12JMBTX",QBZLT5MT1,https://white-paper.crypto-risk-metrics.com/en/gram-ffg-kk12jmbtx/index.html,,03/08/2026
Federal Financial Supervisory Authority (BaFin),DE,Nimiq Network Ltd.,391200RK8DW9GC5VC131,DE,,,AT | BE | BG | CY | CZ | DE | DK | EE | ES | FI | FR | GR | HR | HU | IE | IS | IT | LI | LT | LU | LV | MT | NL | NO | PL | PT | RO | SE | SI | SK,2TF3Z8C8J,VW1SKQ9LS,https://www.nimiq.com/,,05/08/2026
Federal Financial Supervisory Authority (BaFin),DE,Crypto Risk Metrics GmbH,39120077M9TG0O1FE242,DE,,,AT | BE | BG | CY | CZ | DE | DK | EE | ES | FI | FR | GR | HR | HU | IE | IS | IT | LI | LT | LU | LV | MT | NL | NO | PL | PT | RO | SE | SI | SK,ZFFJTQ357,9X8LVNTLW,https://white-paper.crypto-risk-metrics.com/en/diem-ffg-zffjtq357/index.html,,10/08/2026
Federal Financial Supervisory Authority (BaFin),DE,Crypto Risk Metrics GmbH,39120077M9TG0O1FE242,DE,,,AT | BE | BG | CY | CZ | DE | DK | EE | ES | FI | FR | GR | HR | HU | IE | IS | IT | LI | LT | LU | LV | MT | NL | NO | PL | PT | RO | SE | SI | SK,P0SD47M0W,1J5KDD5S0,https://white-paper.crypto-risk-metrics.com/en/venice-token-ffg-p0sd47m0w/index.html,,13/08/2026
Finanstilsynet,DK,SPK Company Ltd.,,VG,,,,,,https://docs.spark.fi/mica,,20/08/2025
Finanstilsynet,DK,Stiftung Concordium (Concordium Foundation),,CH,,,,,,https://cdn.prod.website-files.com/67d7fbcd510cf4a3a6267957/6881ee1e2753650f0ef3a997_White%20paper%20-%20Concordium%20Foundation%20-%20CCD-1.pdf,,19/05/2025
Finanstilsynet,DK,Injective Foundation,,KY,,,AT|BE|BG|HR|CY|CZ|EE|FI|FR|DE|GR|HU|IS|IE|IT|LV|LI|LT|LU|MT|NL|NO|PL|PT|RO|SK|SI|ES|SE,92M9B0DZ7,G5B2ZPMNZ,https://injective.com/research,,03/07/2026
Estonian Financial Supervision Authority (EFSA),EE,Hitower Labs OÜ,98450096AADAF7K4BB63,EE,,,AT|BE|BG|CY|CZ|DK|DE|EE|ES|FI|FR|GR|HR|HU|IE|IS|IT|LI|LT|LU|LV|MT|NL|NO|PL|PT|RO|SE|SI|SK,,,https://cdn.prod.website-files.com/6826f0f370fa3a3bbd09d833/68f0aa9ecd7631b0590550b8_Annex%201_HITO%20White%20Paper_12.09.2025.docx%20(1).pdf,,16/02/2026
Estonian Financial Supervision Authority (EFSA),EE,ChartTower Corp. OÜ,9845001C375D5E411F72,EE,,,AT|BE|BG|CY|CZ|DK|DE|EE|ES|FI|FR|GR|HR|HU|IE|IS|IT|LI|LT|LU|LV|MT|NL|NO|PL|PT|RO|SE|SI|SK,Z883TC4R5,SRBG66MR9,https://ctc-corp.eu/#/whitepaper,,16/02/2026
Estonian Financial Supervision Authority (EFSA),EE,BB Trade Estonia OÜ,984500L05A5D0E66Q610,EE,,,AT|BE|BG|CY|CZ|DK|DE|EE|ES|FI|FR|GR|HR|HU|IE|IT|LT|LU|LV|MT|NL|PL|PT|RO|SE|SI|SK,,,https://assets.znd.co/tmpl-token/en/whitepaper.pdf,https://www.fi.ee/et/hoiatusteated/bb-trade-estonia-ou,16/02/2026
Comisión Nacional del Mercado de Valores (CNMV),ES,OUT OF OFFICE GAMES S.L.,,ES,,,ES,,,https://www.tripleogames.com/whitepaper.pdf,,26/03/2025
Comisión Nacional del Mercado de Valores (CNMV),ES,"DELOREAN TECHNOLOGIES GLOBAL, INC.",,KY,,,,,,"https://ws.onehub.com/secure_share/336eogep
https://ws.onehub.com/secure_share/1d8l6646",,02/12/2026
Comisión Nacional del Mercado de Valores (CNMV),ES,BONDEX ECOSYSTEM LTD,,VG,,,,,,https://bdx.blob.core.windows.net/cms/20250730_ENG_White%20Paper_BONDEX.pdf,,21/10/2025
Comisión Nacional del Mercado de Valores (CNMV),ES,BILLIONS,,CH,,,,,,"https://billions.network/terms-and-conditions
https://drive.google.com/file/d/1rYP9Pux9j-8udFvehbBGVKsfH6UktxdL/view?usp=sharing",,29/12/2025
Comisión Nacional del Mercado de Valores (CNMV),ES,NOOTTOOLS,,ES,,,,,,https://noottools.io/noot-token,,19/11/2025
Comisión Nacional del Mercado de Valores (CNMV),ES,FUTUREX TECHNOLOGY LIMITED,,VG,,,,,,https://www.synfutures.com/synfutures-MiCA-whitepaper.pdf ,,02/12/2025
Comisión Nacional del Mercado de Valores (CNMV),ES,KUBE ECOSYSTEM S.L.,,ES,,,,,,https://www.kubecoin.org/,,13/07/2026
Comisión Nacional del Mercado de Valores (CNMV),ES,"COOL EARTH COIN, S.A.",,ES,,,,,,www.coolearthcoin.com,,24/07/2026
Finanssivalvonta (FIN-FSA),FI,Number Go Up Technologies,,FI,,,,,,https://www.ngut.eu/whitepapers/SWAN.html,,10/02/2025
Finanssivalvonta (FIN-FSA),FI,Punta Parana Foundation,,FI,,,,,,https://doublezero.xyz/whitepaper-mica.pdf,,31/03/2025
Finanssivalvonta (FIN-FSA),FI,Gevulot Oy,,FI,,,,,,https://zkcloud.com/whitepaper,The token has been renamed. New name is Zenith and the new ticker $ZTH . Previous name ZkCloud and previous ticker $PROOF.,06/08/2025
Finanssivalvonta (FIN-FSA),FI,InvestTWLGF Oy,,FI,,,,,,https://twlgf.com/twlgf-kryptovaran-kuvaus-twlgf-crypto-asset-description/,,19/08/2025
Finanssivalvonta (FIN-FSA),FI,Investlitiumlic Oy,,FI,,,,,,https://www.litiumlic.com/litiumlic-kryptovaran-kuvaus-litiumlic-crypto-asset-description/,,25/08/2025
Finanssivalvonta (FIN-FSA),FI,Sustainable Digital Assets Inc.,89450058XEES8WCSCQ03,FI,,,AT | BE | BG | CY | CZ | DE | DK | EE | ES | FI | FR | GR | HR | HU | IE | IS | IT | LI | LT | LU | LV | MT | NL | NO | PL | PT | RO | SE | SI | SK,ZHSMZL7F9,,https://sdafintech.com/legal/mica/whitepaper/SDA-Token-MiCA-Whitepaper-v1.3-2026_07_16.xhtml,,27/07/2026
Autorité des Marchés Financiers (AMF),FR,Obol Association,506700PRZ3EHG85K6E08,CH,,,,,,https://drive.google.com/file/d/1hTtnmVZkGxhJ8xYAS4PE6Q6tru9kKFW4/view?usp=sharing,"Il a été procédé à un niveau de revue conforme à ce que certains de nos homologues nous ont indiqué avoir, et conforme à la réponse que nous a apportée l’ESMA par ailleurs.",27/02/2025
Autorité des Marchés Financiers (AMF),FR,NAEST ,,FR,,,,,,https://naest.gitbook.io/wp-fr ,The notification that we have received obviously and evidently does not comply with the requirements of the MiCA regulation (missing significant elements and/or a white paper which obviously and evidently does not comply in terms of form and/or content ,27/02/2025
Autorité des Marchés Financiers (AMF),FR,NAEST,,FR,,,,,,www.naest.io/whitepaper,,17/03/2025
Autorité des Marchés Financiers (AMF),FR,METALSKIN TECHNOLOGIES SAS,969500HV40KFVGDKY734,FR,,,,,,https://metalskin.gitbook.io/,,16/04/2025
Autorité des Marchés Financiers (AMF),FR,Crypto Blockchain Industries SA,984500D2AF7044A3S764,FR,,,,,,https://footballatalphaverse.com/,,06/06/2025
Autorité des Marchés Financiers (AMF),FR,Obol Association,506700PRZ3EHG85K6E08,CH,,,,,,https://obol.org/mica.pdf,WP v2: Admission to Trading,19/06/2025
Autorité des Marchés Financiers (AMF),FR,CheerBitcoin SASU,9695002O8ZCCK9IHQ969,FR,,,,,,"https://drive.google.com/file/d/1IrTRXdr4w8HKdfKBxHZHMJDhBTDyFysM/view?usp=sharing

https://drive.google.com/file/d/11oWkYWhXIZTSVMDCVV2pC3wDeFTJz3QZ/view?usp=sharing",First submitted by email in february 2024 – update (MiCA) 2025,19/06/2025
Autorité des Marchés Financiers (AMF),FR,"ABC Labs, LLC",,US,"Payward Europe Solutions Limited (trading as ""Kraken"")",254900641D8KNHUZYX24 ,,,,https://www.abclabs.co/ ,,03/09/2025
Autorité des Marchés Financiers (AMF),FR,"Definitive Finance, Inc.",,PA,Revolut Digital Assets Europe Ltd,549300ET4IUR6RCZOL84,,,,https://docs.definitive.fi/platform/edge-token,,03/09/2025
Autorité des Marchés Financiers (AMF),FR,CheerBitcoin SASU,9695002O8ZCCK9IHQ969,FR,,,,,,"https://drive.google.com/file/d/1DUmluyeGiuYCtPGvwXs_5Gkdd_NrTAFj/view?usp=drive_link

https://drive.google.com/file/d/1jyCln0cYYT47PdF6oufM_PlMfdRHaHWF/view?usp=drive_link","Notification by mail the 18th of June 2025.

THIS IS A MODIFICATION",08/10/2025
Autorité des Marchés Financiers (AMF),FR,"ABC Labs, LLC",,US,"Payward Europe Solutions Limited (trading as ""Kraken"")",254900641D8KNHUZYX24 ,,,,https://storage.reserve.org/cfb-whitepaper.pdf,URL UPDATE,08/10/2025
Autorité des Marchés Financiers (AMF),FR,"Definitive Finance, Inc.",,PA,Revolut Digital Assets Europe Ltd,549300ET4IUR6RCZOL84,,,,https://docs.definitive.fi/references/mica-whitepaper,URL UPDATE,08/10/2025
Autorité des Marchés Financiers (AMF),FR,"Not applicable: Issuer of ANITA is not identified; Moonlabs, as applicant, is notifying admission to trading on its behalf pursuant to Article 4 of MiCA",,,,,,,,https://anita.ink/micawp,,08/10/2025
Autorité des Marchés Financiers (AMF),FR,Deblock SAS,254900XTUI35BGIBXP21,FR,Deblock SAS,254900XTUI35BGIBXP21,,,,,URL Not yet published,08/10/2025
Autorité des Marchés Financiers (AMF),FR,"ABC Labs, LLC",7404987 (US Deleware File Number),US,"Payward Europe Solutions Limited (trading as ""Kraken"")",254900641D8KNHUZYX24 ,,,,https://storage.reserve.org/cfb-whitepaper-v2.pdf,UPDATE,14/11/2025
Autorité des Marchés Financiers (AMF),FR,Crypto Blockchain Industries SA,984500D2AF7044A3S764,FR,,,,,,emojimarbledash.com,"Initial submission. As the game hasn't been revealed to the public yet, the url has been provided but will not be accessible before January the 5th, 2026",14/11/2025
Autorité des Marchés Financiers (AMF),FR,Gensyn Network Ltd,2187906,VG,,,,,,www.gensynfoundation.org,"The AI Token white paper is prepared under Article 6 of Regulation (EU) 2023/1114 (MiCA) and concerns a utility token providing payments, staking, and governance functionalities within the Gensyn Protocol.The offeror and issuer of the crypto-asset is Gensyn Network Ltd, a British Virgin Islands Business Company, with Gensyn Foundation (Caymand Islands) acting as parent entity responsible for ecosystem governance and treasury management. The white paper is notified to the AMF as the Home Competent Authority. ",15/11/2025
Autorité des Marchés Financiers (AMF),FR,PERSPECTIVE SAS,890898372,FR,,,,,,https://docs.spectra.finance/,,17/12/2025
Autorité des Marchés Financiers (AMF),FR,Loggerhead Labs Limited,,VG,,,AT | BE | BG | CY | CZ | DE | DK | EE | ES | FI | FR | GR | HR | HU | IE | IT | LT | LU | LV | MT | NL | PL | PT | RO | SE | SI | SK,,,https://tari.com/mica-whitepaper,,10/02/2026
Autorité des Marchés Financiers (AMF),FR,Canebier SAS,894500CVAKEC2LVTRR77,FR,,,AT | BE | BG | CY | CZ | DE | DK | EE | ES | FI | FR | GR | HR | HU | IE | IS | IT | LI | LT | LU | LV | MT | NL | NO | PL | PT | RO | SE | SI | SK,,,https://www.caneb.io/,v3.0 — XBRL compliant — Updated notification under MiCA Regulation with English translation — 16/02/2026,19/02/2026
Autorité des Marchés Financiers (AMF),FR,Morpho Association,,FRANCE - FR,Bitstamp,,AT | BE | BG | CY | CZ | DE | DK | EE | ES | FI | FR | GR | HR | HU | IE | IS | IT | LI | LT | LU | LV | MT | NL | NO | PL | PT | RO | SE | SI | SK,CH7NXRXR1,,https://morpho.org/,First notification,23/04/2026
Autorité des Marchés Financiers (AMF),FR,Nexus Sub (BVI) Limited ,Not available,VIRGIN ISLANDS (BRITISH) - VG,Not applicable,Not applicable,AT | BE | BG | CY | CZ | DE | DK | EE | ES | FI | FR | GR | HR | HU | IE | IS | IT | LI | LT | LU | LV | MT | NL | NO | PL | PT | RO | SE | SI | SK,JKTWL7Q74,XLL8PR2DF,https://nexus.xyz/,,30/04/2026
Autorité des Marchés Financiers (AMF),FR,Nexus Sub (BVI) Limited ,Not available,VIRGIN ISLANDS (BRITISH) - VG,PAYWARD GLOBAL SOLUTIONS LIMITED,9845003D98SCC2851458,AT | BE | BG | CY | CZ | DE | DK | EE | ES | FI | FR | GR | HR | HU | IE | IS | IT | LI | LT | LU | LV | MT | NL | NO | PL | PT | RO | SE | SI | SK,JKTWL7Q74,XLL8PR2DF,https://nexus.xyz/,,30/04/2026
Autorité des Marchés Financiers (AMF),FR,Nexus Sub (BVI) Limited ,Not available,VIRGIN ISLANDS (BRITISH) - VG,PAYWARD GLOBAL SOLUTIONS LIMITED,9845003D98SCC2851458,AT | BE | BG | CY | CZ | DE | DK | EE | ES | FI | FR | GR | HR | HU | IE | IS | IT | LI | LT | LU | LV | MT | NL | NO | PL | PT | RO | SE | SI | SK,JKTWL7Q74,XLL8PR2DF,https://nexus.xyz/,,13/05/2026
Autorité des Marchés Financiers (AMF),FR,SBorg SA,98450076F74I01068E36,SWITZERLAND - CH,BlockNodes SAS,969500PZJWT3TD1SUI59,AT | BE | BG | CY | CZ | DE | DK | EE | ES | FI | GR | HR | HU | IE | IS | IT | LI | LT | LU | LV | MT | NL | NO | PL | PT | RO | SE | SI | SK,B7J7BBMGQ,9DDKPFN21,https://swissborg.com,,10/07/2026
Autorité des Marchés Financiers (AMF),FR,TCG-VAULT,969500KK0TSBYUUU4J76,FRANCE - FR,,,AT | BE | BG | CY | CZ | DE | DK | EE | ES | FI | FR | GR | HR | HU | IE | IS | IT | LI | LT | LU | LV | MT | NL | NO | PL | PT | RO | SE | SI | SK,4KWQVDQ6P,JXMNT9K0D | S99M448FG,https://www.tcg-vault.io/livre-blanc-mica,,10/07/2026
Croatian Financial Services Supervisory Agency (HANFA),HR,WHITE HYDROGEN d.o.o. za proizvodnju i usluge,485100NR2GRPX7PLCD93,HR,,,AT|BE|BG|CY|CZ|DE|DK|EE|ES|FI|FR|GR|HR|HU|IE|IT|LT|LU|LV|MT|NL|PL|PT|RO|SE|SI|SK,T86P5K813,,https://www.whiteh2coin.com,,27/04/2026
Central Bank of Ireland (CBI),IE,VeChain Foundation San Marino S.r.l.,5299001UWKNB61VZCT67,SM,,,,,,https://vechain.org/legal-and-policy/,,13/03/2025
Central Bank of Ireland (CBI),IE,VeChain Foundation San Marino S.r.l.,5299001UWKNB61VZCT67,SM,,,,,,https://vechain.org/legal-and-policy/,,13/03/2025
Central Bank of Ireland (CBI),IE,Giza Association,,CH,,,,,,https://www.gizaprotocol.ai/mica.pdf,,24/03/2025
Central Bank of Ireland (CBI),IE,Impossible Cloud Network Foundation,,CH,,,,,,https://console.impossiblecloud.com/static/icn/250325_ICNT_White_Paper_CBI_Notification_(ID_3219157).pdf,,01/04/2025
Central Bank of Ireland (CBI),IE,Subspace Foundation,,CH,,,,,,https://subspace.foundation/ai3-mica-whitepaper,,24/04/2025
Central Bank of Ireland (CBI),IE,Subsquid Labs GmbH,,CH,,,,,,http://sqd.ai/mica,,20/05/2025
Central Bank of Ireland (CBI),IE,Walrus Foundation,,PA,,,,,,www.walrus.xyz/wal-token/mica,,03/06/2025
Central Bank of Ireland (CBI),IE,Big Bang Studio,,KY,,,,,,https://docs.defi.app/knowledge-base/reference/audits,,05/06/2025
Central Bank of Ireland (CBI),IE,Risk Labs,,US,Payward Global Solutions LTD,9845003D98SCC2851458,,,,https://assets-cms.kraken.com/files/51n36hrp/facade/b3e9c34487d21636dc43c7b29e2bafde18eebe92.pdf?_gl=1*4wh0jy*_gcl_au*MTcxOTgwMTU0NC4xNzUwMDk4MDIx*_ga*MTc4ODAyNDUxNC4xNzUwMDk4MDIx*_ga_5MVYWBPCBE*czE3NTI0ODU0MDYkbzExJGcxJHQxNzUyNDg2MTk1JGo2MCRsMCRoMA..,,12/06/2025
Central Bank of Ireland (CBI),IE,Not Available,,,Payward Global Solutions LTD,9845003D98SCC2851458,,,,https://assets-cms.kraken.com/files/51n36hrp/facade/3c23484b450dff6bba33cd0a160e3d10db9cfc27.pdf?_gl=1*8j89i9*_gcl_au*MTcxOTgwMTU0NC4xNzUwMDk4MDIx*_ga*MTc4ODAyNDUxNC4xNzUwMDk4MDIx*_ga_5MVYWBPCBE*czE3NTI0ODU0MDYkbzExJGcxJHQxNzUyNDg1NzQxJGo2MCRsMCRoMA..,,12/06/2025
Central Bank of Ireland (CBI),IE,Not Available,,,Payward Global Solutions LTD,9845003D98SCC2851458,,,,https://assets-cms.kraken.com/files/51n36hrp/facade/057858acf9513fa6c2adde4b8fc34a2b46542cac.pdf?_gl=1*19hi82m*_gcl_au*MTcxOTgwMTU0NC4xNzUwMDk4MDIx*_ga*MTc4ODAyNDUxNC4xNzUwMDk4MDIx*_ga_5MVYWBPCBE*czE3NTI0ODU0MDYkbzExJGcxJHQxNzUyNDg2MTk1JGo2MCRsMCRoMA..,,12/06/2025
Central Bank of Ireland (CBI),IE,Not Available,,,Payward Global Solutions LTD,9845003D98SCC2851458,,,,https://assets-cms.kraken.com/files/51n36hrp/facade/50d26048ea357f6c90a533ca75aa9fb1a572548c.pdf?_gl=1*1he22u7*_gcl_au*MTcxOTgwMTU0NC4xNzUwMDk4MDIx*_ga*MTc4ODAyNDUxNC4xNzUwMDk4MDIx*_ga_5MVYWBPCBE*czE3NTI0ODU0MDYkbzExJGcxJHQxNzUyNDg2MTk1JGo2MCRsMCRoMA..,,12/06/2025
Central Bank of Ireland (CBI),IE,Not Available,,,Payward Global Solutions LTD,9845003D98SCC2851458,,,,https://assets-cms.kraken.com/files/51n36hrp/facade/0e20993362fd117f583c1c8012961cc5fcd54d21.pdf?_gl=1*fajgoj*_gcl_au*MTcxOTgwMTU0NC4xNzUwMDk4MDIx*_ga*MTc4ODAyNDUxNC4xNzUwMDk4MDIx*_ga_5MVYWBPCBE*czE3NTI0ODU0MDYkbzExJGcxJHQxNzUyNDg2MTk1JGo2MCRsMCRoMA..,,12/06/2025
Central Bank of Ireland (CBI),IE,Bera Chain Foundation,,,Payward Global Solutions LTD,9845003D98SCC2851458,,,,https://assets-cms.kraken.com/files/51n36hrp/facade/8eb60af8df15ce842790f51f08a57b8c2e33cde8.pdf?_gl=1*1s1yi1u*_gcl_au*MTcxOTgwMTU0NC4xNzUwMDk4MDIx*_ga*MTc4ODAyNDUxNC4xNzUwMDk4MDIx*_ga_5MVYWBPCBE*czE3NTI0ODU0MDYkbzExJGcxJHQxNzUyNDg2MTk1JGo2MCRsMCRoMA..,,12/06/2025
Central Bank of Ireland (CBI),IE,Bio.xyz Association,,,Payward Global Solutions LTD,9845003D98SCC2851458,,,,https://assets-cms.kraken.com/files/51n36hrp/facade/54a3f3cc17421d8af907934540727cfe36805766.pdf?_gl=1*15hw156*_gcl_au*MTcxOTgwMTU0NC4xNzUwMDk4MDIx*_ga*MTc4ODAyNDUxNC4xNzUwMDk4MDIx*_ga_5MVYWBPCBE*czE3NTI0ODU0MDYkbzExJGcxJHQxNzUyNDg1NzQxJGo2MCRsMCRoMA..,,12/06/2025
Central Bank of Ireland (CBI),IE,Bubblemaps,,FR,Payward Global Solutions LTD,9845003D98SCC2851458,,,,https://assets-cms.kraken.com/files/51n36hrp/facade/eb4c92ac50be2e274f36e207d1d4864fa72ae19b.pdf,,12/06/2025
Central Bank of Ireland (CBI),IE,Celo Foundation,,US,Payward Global Solutions LTD,9845003D98SCC2851458,,,,https://assets-cms.kraken.com/files/51n36hrp/facade/1abbe6600c3d8fdd784a7655393b4794615527d0.pdf?_gl=1*27yvaq*_gcl_au*MTcxOTgwMTU0NC4xNzUwMDk4MDIx*_ga*MTc4ODAyNDUxNC4xNzUwMDk4MDIx*_ga_5MVYWBPCBE*czE3NTI0ODU0MDYkbzExJGcxJHQxNzUyNDg1NzQxJGo2MCRsMCRoMA..,,12/06/2025
Central Bank of Ireland (CBI),IE,Not Available,,,Payward Global Solutions LTD,9845003D98SCC2851458,,,,https://assets-cms.kraken.com/files/51n36hrp/facade/17785f632ff556d95f114528543ed364bf05511f.pdf?_gl=1*8j89i9*_gcl_au*MTcxOTgwMTU0NC4xNzUwMDk4MDIx*_ga*MTc4ODAyNDUxNC4xNzUwMDk4MDIx*_ga_5MVYWBPCBE*czE3NTI0ODU0MDYkbzExJGcxJHQxNzUyNDg1NzQxJGo2MCRsMCRoMA..,,12/06/2025
Central Bank of Ireland (CBI),IE,Not Available,,,Payward Global Solutions LTD,9845003D98SCC2851458,,,,https://assets-cms.kraken.com/files/51n36hrp/facade/cb1af785f2912eebff78b2ede4594aae6e7dfb3c.pdf?_gl=1*kiujl6*_gcl_au*MTcxOTgwMTU0NC4xNzUwMDk4MDIx*_ga*MTc4ODAyNDUxNC4xNzUwMDk4MDIx*_ga_5MVYWBPCBE*czE3NTI0ODU0MDYkbzExJGcxJHQxNzUyNDg1NzQxJGo2MCRsMCRoMA..,,12/06/2025
Central Bank of Ireland (CBI),IE,Not Available,,,Payward Global Solutions LTD,9845003D98SCC2851458,,,,https://assets-cms.kraken.com/files/51n36hrp/facade/fa29aa9bad855e904fd585717fde45f3bfe61aca.pdf?_gl=1*b1hxne*_gcl_au*MTcxOTgwMTU0NC4xNzUwMDk4MDIx*_ga*MTc4ODAyNDUxNC4xNzUwMDk4MDIx*_ga_5MVYWBPCBE*czE3NTI0ODU0MDYkbzExJGcxJHQxNzUyNDg1NzQxJGo2MCRsMCRoMA..,,12/06/2025
Central Bank of Ireland (CBI),IE,Star Frameworks Labs Pte. Ltd.,,SG,Payward Global Solutions LTD,9845003D98SCC2851458,,,,https://assets-cms.kraken.com/files/51n36hrp/facade/0add1afb90e8ef5bd7bcde967601a8004db73a47.pdf?_gl=1*b1hxne*_gcl_au*MTcxOTgwMTU0NC4xNzUwMDk4MDIx*_ga*MTc4ODAyNDUxNC4xNzUwMDk4MDIx*_ga_5MVYWBPCBE*czE3NTI0ODU0MDYkbzExJGcxJHQxNzUyNDg1NzQxJGo2MCRsMCRoMA..,,12/06/2025
Central Bank of Ireland (CBI),IE,Hamster Foundation,,,Payward Global Solutions LTD,9845003D98SCC2851458,,,,https://assets-cms.kraken.com/files/51n36hrp/facade/917b704a23ea0c8893adff5dc63d37570a578826.pdf?_gl=1*b1hxne*_gcl_au*MTcxOTgwMTU0NC4xNzUwMDk4MDIx*_ga*MTc4ODAyNDUxNC4xNzUwMDk4MDIx*_ga_5MVYWBPCBE*czE3NTI0ODU0MDYkbzExJGcxJHQxNzUyNDg1NzQxJGo2MCRsMCRoMA..,,12/06/2025
Central Bank of Ireland (CBI),IE,Not Available,,,Payward Global Solutions LTD,9845003D98SCC2851458,,,,https://assets-cms.kraken.com/files/51n36hrp/facade/32417c7a8483e455cf17b126adfeadf7fb785a42.pdf?_gl=1*15hw156*_gcl_au*MTcxOTgwMTU0NC4xNzUwMDk4MDIx*_ga*MTc4ODAyNDUxNC4xNzUwMDk4MDIx*_ga_5MVYWBPCBE*czE3NTI0ODU0MDYkbzExJGcxJHQxNzUyNDg1NzQxJGo2MCRsMCRoMA..,,12/06/2025
Central Bank of Ireland (CBI),IE,Not Available,,,Payward Global Solutions LTD,9845003D98SCC2851458,,,,https://assets-cms.kraken.com/files/51n36hrp/facade/3b4d9241e510bc417427e11e82177a987f30be1f.pdf?_gl=1*4wh0jy*_gcl_au*MTcxOTgwMTU0NC4xNzUwMDk4MDIx*_ga*MTc4ODAyNDUxNC4xNzUwMDk4MDIx*_ga_5MVYWBPCBE*czE3NTI0ODU0MDYkbzExJGcxJHQxNzUyNDg2MTk1JGo2MCRsMCRoMA..,,12/06/2025
Central Bank of Ireland (CBI),IE,Open Builders,,,Payward Global Solutions LTD,9845003D98SCC2851458,,,,https://assets-cms.kraken.com/files/51n36hrp/facade/b2321ef50c85501d1d0c19fc249c5a43111fb8a5.pdf?_gl=1*1l3ygku*_gcl_au*MTcxOTgwMTU0NC4xNzUwMDk4MDIx*_ga*MTc4ODAyNDUxNC4xNzUwMDk4MDIx*_ga_5MVYWBPCBE*czE3NTI0ODU0MDYkbzExJGcxJHQxNzUyNDg2MTk1JGo2MCRsMCRoMA..,,12/06/2025
Central Bank of Ireland (CBI),IE,Not Available,,,Payward Global Solutions LTD,9845003D98SCC2851458,,,,https://assets-cms.kraken.com/files/51n36hrp/facade/3e79cc3331216dde1e25ec47c5a3d1a0d6a4ccb0.pdf?_gl=1*1e9sl1p*_gcl_au*MTcxOTgwMTU0NC4xNzUwMDk4MDIx*_ga*MTc4ODAyNDUxNC4xNzUwMDk4MDIx*_ga_5MVYWBPCBE*czE3NTI0ODU0MDYkbzExJGcxJHQxNzUyNDg2MTk1JGo2MCRsMCRoMA..,,12/06/2025
Central Bank of Ireland (CBI),IE,"LSLTTT Holdings, Inc.",,US,Payward Global Solutions LTD,9845003D98SCC2851458,,,,https://assets-cms.kraken.com/files/51n36hrp/facade/5c61c6e158c4f55b8ab26447ee04b1e4ea707dbe.pdf?_gl=1*1e9sl1p*_gcl_au*MTcxOTgwMTU0NC4xNzUwMDk4MDIx*_ga*MTc4ODAyNDUxNC4xNzUwMDk4MDIx*_ga_5MVYWBPCBE*czE3NTI0ODU0MDYkbzExJGcxJHQxNzUyNDg2MTk1JGo2MCRsMCRoMA..,,12/06/2025
Central Bank of Ireland (CBI),IE,Not Available,,,Payward Global Solutions LTD,9845003D98SCC2851458,,,,https://assets-cms.kraken.com/files/51n36hrp/facade/8108d6c92c4893259ef400df38d49f11ac391314.pdf?_gl=1*nh8jw2*_gcl_au*MTcxOTgwMTU0NC4xNzUwMDk4MDIx*_ga*MTc4ODAyNDUxNC4xNzUwMDk4MDIx*_ga_5MVYWBPCBE*czE3NTI0ODU0MDYkbzExJGcxJHQxNzUyNDg2MTk1JGo2MCRsMCRoMA..,,12/06/2025
Central Bank of Ireland (CBI),IE,Not Available,,,Payward Global Solutions LTD,9845003D98SCC2851458,,,,https://assets-cms.kraken.com/files/51n36hrp/facade/3bd9db0b926a771df7af4a2376fe3b34ef4a88c1.pdf?_gl=1*1s1yi1u*_gcl_au*MTcxOTgwMTU0NC4xNzUwMDk4MDIx*_ga*MTc4ODAyNDUxNC4xNzUwMDk4MDIx*_ga_5MVYWBPCBE*czE3NTI0ODU0MDYkbzExJGcxJHQxNzUyNDg2MTk1JGo2MCRsMCRoMA..,,12/06/2025
Central Bank of Ireland (CBI),IE,Mirror World Inc,,,Payward Global Solutions LTD,9845003D98SCC2851458,,,,https://assets-cms.kraken.com/files/51n36hrp/facade/aefffcaf168492316a93c72b69a3cbf8793c9e2c.pdf?_gl=1*fajgoj*_gcl_au*MTcxOTgwMTU0NC4xNzUwMDk4MDIx*_ga*MTc4ODAyNDUxNC4xNzUwMDk4MDIx*_ga_5MVYWBPCBE*czE3NTI0ODU0MDYkbzExJGcxJHQxNzUyNDg2MTk1JGo2MCRsMCRoMA..,,12/06/2025
Central Bank of Ireland (CBI),IE,Not Available,,,Payward Global Solutions LTD,9845003D98SCC2851458,,,,https://assets-cms.kraken.com/files/51n36hrp/facade/9bd42a0c0b94385f2e5e6898198b1a9d852414f9.pdf?_gl=1*fajgoj*_gcl_au*MTcxOTgwMTU0NC4xNzUwMDk4MDIx*_ga*MTc4ODAyNDUxNC4xNzUwMDk4MDIx*_ga_5MVYWBPCBE*czE3NTI0ODU0MDYkbzExJGcxJHQxNzUyNDg2MTk1JGo2MCRsMCRoMA..,,12/06/2025
Central Bank of Ireland (CBI),IE,Venice.ai,,US,Payward Global Solutions LTD,9845003D98SCC2851458,,,,https://assets-cms.kraken.com/files/51n36hrp/facade/57bb8bec506dccfa1f6f3cc6b8134d7021519d4c.pdf?_gl=1*oqanlv*_gcl_au*MTcxOTgwMTU0NC4xNzUwMDk4MDIx*_ga*MTc4ODAyNDUxNC4xNzUwMDk4MDIx*_ga_5MVYWBPCBE*czE3NTI0ODU0MDYkbzExJGcxJHQxNzUyNDg2MTk1JGo2MCRsMCRoMA..,,12/06/2025
Central Bank of Ireland (CBI),IE,"Zora Labs, inc",,US,Payward Global Solutions LTD,9845003D98SCC2851458,,,,https://assets-cms.kraken.com/files/51n36hrp/facade/8925c17ce4475f49e8d0d3eba2217cd744980a15.pdf?_gl=1*oqanlv*_gcl_au*MTcxOTgwMTU0NC4xNzUwMDk4MDIx*_ga*MTc4ODAyNDUxNC4xNzUwMDk4MDIx*_ga_5MVYWBPCBE*czE3NTI0ODU0MDYkbzExJGcxJHQxNzUyNDg2MTk1JGo2MCRsMCRoMA..,,12/06/2025
Central Bank of Ireland (CBI),IE,Velodrome Foundation,,,Payward Global Solutions LTD,9845003D98SCC2851458,,,,https://assets-cms.kraken.com/files/51n36hrp/facade/87d23270a5a77f27a4bed341bc96fa98ba67f37e.pdf?_gl=1*54v6qk*_gcl_au*MTcxOTgwMTU0NC4xNzUwMDk4MDIx*_ga*MTc4ODAyNDUxNC4xNzUwMDk4MDIx*_ga_5MVYWBPCBE*czE3NTI2ODY0MDIkbzE2JGcxJHQxNzUyNjkwMTAzJGoyNiRsMCRoMA..,,19/06/2025
Central Bank of Ireland (CBI),IE,Playgrounds Analytics Inc.,,,Payward Global Solutions LTD,9845003D98SCC2851458,,,,https://assets-cms.kraken.com/files/51n36hrp/facade/76319ea9814ad139943620ce115f581a7a71b9b3.pdf?_gl=1*54v6qk*_gcl_au*MTcxOTgwMTU0NC4xNzUwMDk4MDIx*_ga*MTc4ODAyNDUxNC4xNzUwMDk4MDIx*_ga_5MVYWBPCBE*czE3NTI2ODY0MDIkbzE2JGcxJHQxNzUyNjkwMTAzJGoyNiRsMCRoMA..,,19/06/2025
Central Bank of Ireland (CBI),IE,"Eliza Labs, Inc.",,,Payward Global Solutions LTD,9845003D98SCC2851458,,,,https://assets-cms.kraken.com/files/51n36hrp/facade/40b11c0baf20415e63a3437aa18613c4234ed2af.pdf?_gl=1*1i6kp3h*_gcl_au*MTcxOTgwMTU0NC4xNzUwMDk4MDIx*_ga*MTc4ODAyNDUxNC4xNzUwMDk4MDIx*_ga_5MVYWBPCBE*czE3NTI2ODY0MDIkbzE2JGcxJHQxNzUyNjkwMTAzJGoyNiRsMCRoMA..,,19/06/2025
Central Bank of Ireland (CBI),IE,Analog One Corporation,,,Payward Global Solutions LTD,9845003D98SCC2851458,,,,https://assets-cms.kraken.com/files/51n36hrp/facade/d4301c514c266dc8f75a9c012c995a9857a2184f.pdf?_gl=1*1i6kp3h*_gcl_au*MTcxOTgwMTU0NC4xNzUwMDk4MDIx*_ga*MTc4ODAyNDUxNC4xNzUwMDk4MDIx*_ga_5MVYWBPCBE*czE3NTI2ODY0MDIkbzE2JGcxJHQxNzUyNjkwMTAzJGoyNiRsMCRoMA..,,19/06/2025
Central Bank of Ireland (CBI),IE,ApeNFT Foundation Ltd.,,,Payward Global Solutions LTD,9845003D98SCC2851458,,,,https://assets-cms.kraken.com/files/51n36hrp/facade/f7994b92a252783dde5cf75afe943f6ad22150dd.pdf?_gl=1*8o2t7x*_gcl_au*MTcxOTgwMTU0NC4xNzUwMDk4MDIx*_ga*MTc4ODAyNDUxNC4xNzUwMDk4MDIx*_ga_5MVYWBPCBE*czE3NTI2ODY0MDIkbzE2JGcxJHQxNzUyNjkwMTAzJGoyNiRsMCRoMA..,,19/06/2025
Central Bank of Ireland (CBI),IE,Orbit Technologies Limited,,,Payward Global Solutions LTD,9845003D98SCC2851458,,,,https://assets-cms.kraken.com/files/51n36hrp/facade/b9848df1e3ca98614c959bec8a1bbf652d0a3dcd.pdf?_gl=1*8o2t7x*_gcl_au*MTcxOTgwMTU0NC4xNzUwMDk4MDIx*_ga*MTc4ODAyNDUxNC4xNzUwMDk4MDIx*_ga_5MVYWBPCBE*czE3NTI2ODY0MDIkbzE2JGcxJHQxNzUyNjkwMTAzJGoyNiRsMCRoMA..,,19/06/2025
Central Bank of Ireland (CBI),IE,Not Available,,,Payward Global Solutions LTD,9845003D98SCC2851458,,,,https://assets-cms.kraken.com/files/51n36hrp/facade/d5b95249d9c8f89c84a0ba897425a02fbd3a7162.pdf?_gl=1*8o2t7x*_gcl_au*MTcxOTgwMTU0NC4xNzUwMDk4MDIx*_ga*MTc4ODAyNDUxNC4xNzUwMDk4MDIx*_ga_5MVYWBPCBE*czE3NTI2ODY0MDIkbzE2JGcxJHQxNzUyNjkwMTAzJGoyNiRsMCRoMA..,,19/06/2025
Central Bank of Ireland (CBI),IE,Cookie DAO foundation,,,Payward Global Solutions LTD,9845003D98SCC2851458,,,,https://assets-cms.kraken.com/files/51n36hrp/facade/51090aae5f0c821b7d1212ffc6f52503e5f6f271.pdf?_gl=1*8o2t7x*_gcl_au*MTcxOTgwMTU0NC4xNzUwMDk4MDIx*_ga*MTc4ODAyNDUxNC4xNzUwMDk4MDIx*_ga_5MVYWBPCBE*czE3NTI2ODY0MDIkbzE2JGcxJHQxNzUyNjkwMTAzJGoyNiRsMCRoMA..,,19/06/2025
Central Bank of Ireland (CBI),IE,Bitcorn Foundation,,,Payward Global Solutions LTD,9845003D98SCC2851458,,,,https://assets-cms.kraken.com/files/51n36hrp/facade/1f1011fd9abd3fc2fa0d90ec8d31816ceec9679c.pdf?_gl=1*8o2t7x*_gcl_au*MTcxOTgwMTU0NC4xNzUwMDk4MDIx*_ga*MTc4ODAyNDUxNC4xNzUwMDk4MDIx*_ga_5MVYWBPCBE*czE3NTI2ODY0MDIkbzE2JGcxJHQxNzUyNjkwMTAzJGoyNiRsMCRoMA..,,19/06/2025
Central Bank of Ireland (CBI),IE,CoW DAO (Cow Protocol Decentralized Autonomous Organization),,,Payward Global Solutions LTD,9845003D98SCC2851458,,,,https://assets-cms.kraken.com/files/51n36hrp/facade/c5c9b43e3448911843e11720e2bf819e390ef483.pdf?_gl=1*8o2t7x*_gcl_au*MTcxOTgwMTU0NC4xNzUwMDk4MDIx*_ga*MTc4ODAyNDUxNC4xNzUwMDk4MDIx*_ga_5MVYWBPCBE*czE3NTI2ODY0MDIkbzE2JGcxJHQxNzUyNjkwMTAzJGoyNiRsMCRoMA..,,19/06/2025
Central Bank of Ireland (CBI),IE,"Definitive Finance, Inc.",,,Payward Global Solutions LTD,9845003D98SCC2851458,,,,https://assets-cms.kraken.com/files/51n36hrp/facade/53f99c06875685203720f888305cbb3fa3ae2044.pdf?_gl=1*8o2t7x*_gcl_au*MTcxOTgwMTU0NC4xNzUwMDk4MDIx*_ga*MTc4ODAyNDUxNC4xNzUwMDk4MDIx*_ga_5MVYWBPCBE*czE3NTI2ODY0MDIkbzE2JGcxJHQxNzUyNjkwMTAzJGoyNiRsMCRoMA..,,19/06/2025
Central Bank of Ireland (CBI),IE,Lyra Foundation,,,Payward Global Solutions LTD,9845003D98SCC2851458,,,,https://assets-cms.kraken.com/files/51n36hrp/facade/81c96200eef81aed031f90394e0b98c27f7cd180.pdf?_gl=1*vctuu5*_gcl_au*MTcxOTgwMTU0NC4xNzUwMDk4MDIx*_ga*MTc4ODAyNDUxNC4xNzUwMDk4MDIx*_ga_5MVYWBPCBE*czE3NTI2ODY0MDIkbzE2JGcxJHQxNzUyNjkwMTAzJGoyNiRsMCRoMA..,,19/06/2025
Central Bank of Ireland (CBI),IE,Dolomite Foundation,,,Payward Global Solutions LTD,9845003D98SCC2851458,,,,https://assets-cms.kraken.com/files/51n36hrp/facade/ef3edf6cf11e2f899ca224468e5568c98b575ce2.pdf?_gl=1*vctuu5*_gcl_au*MTcxOTgwMTU0NC4xNzUwMDk4MDIx*_ga*MTc4ODAyNDUxNC4xNzUwMDk4MDIx*_ga_5MVYWBPCBE*czE3NTI2ODY0MDIkbzE2JGcxJHQxNzUyNjkwMTAzJGoyNiRsMCRoMA..,,19/06/2025
Central Bank of Ireland (CBI),IE,Not Available,,,Payward Global Solutions LTD,9845003D98SCC2851458,,,,https://assets-cms.kraken.com/files/51n36hrp/facade/3f5b5a99f699fa914a3dfa8d3603cedaab515ce3.pdf?_gl=1*vctuu5*_gcl_au*MTcxOTgwMTU0NC4xNzUwMDk4MDIx*_ga*MTc4ODAyNDUxNC4xNzUwMDk4MDIx*_ga_5MVYWBPCBE*czE3NTI2ODY0MDIkbzE2JGcxJHQxNzUyNjkwMTAzJGoyNiRsMCRoMA..,,19/06/2025
Central Bank of Ireland (CBI),IE,Grass OpCo Ltd,,,Payward Global Solutions LTD,9845003D98SCC2851458,,,,https://assets-cms.kraken.com/files/51n36hrp/facade/a5b7e8f3803d5dbcad260950fb93d77cd2511009.pdf?_gl=1*vctuu5*_gcl_au*MTcxOTgwMTU0NC4xNzUwMDk4MDIx*_ga*MTc4ODAyNDUxNC4xNzUwMDk4MDIx*_ga_5MVYWBPCBE*czE3NTI2ODY0MDIkbzE2JGcxJHQxNzUyNjkwMTAzJGoyNiRsMCRoMA..,,19/06/2025
Central Bank of Ireland (CBI),IE,Not Available,,,Payward Global Solutions LTD,9845003D98SCC2851458,,,,https://assets-cms.kraken.com/files/51n36hrp/facade/a9a2a19befd5049e2a8bf2698036984963f03410.pdf?_gl=1*vctuu5*_gcl_au*MTcxOTgwMTU0NC4xNzUwMDk4MDIx*_ga*MTc4ODAyNDUxNC4xNzUwMDk4MDIx*_ga_5MVYWBPCBE*czE3NTI2ODY0MDIkbzE2JGcxJHQxNzUyNjkwMTAzJGoyNiRsMCRoMA..,,19/06/2025
Central Bank of Ireland (CBI),IE,Poseidon 133 Pte. Ltd.,,DE,Payward Global Solutions LTD,9845003D98SCC2851458,,,,https://assets-cms.kraken.com/files/51n36hrp/facade/e5baf979a12a5d405b4c65bb564600dca2e0dc2b.pdf?_gl=1*ssfwcu*_gcl_au*MTcxOTgwMTU0NC4xNzUwMDk4MDIx*_ga*MTc4ODAyNDUxNC4xNzUwMDk4MDIx*_ga_5MVYWBPCBE*czE3NTI2ODY0MDIkbzE2JGcxJHQxNzUyNjkwMTAzJGoyNiRsMCRoMA..,,19/06/2025
Central Bank of Ireland (CBI),IE,Initia Labs PTE LTD,,,Payward Global Solutions LTD,9845003D98SCC2851458,,,,https://assets-cms.kraken.com/files/51n36hrp/facade/882851f3c19d55ba17f2cb1992666adf2136bb74.pdf?_gl=1*ssfwcu*_gcl_au*MTcxOTgwMTU0NC4xNzUwMDk4MDIx*_ga*MTc4ODAyNDUxNC4xNzUwMDk4MDIx*_ga_5MVYWBPCBE*czE3NTI2ODY0MDIkbzE2JGcxJHQxNzUyNjkwMTAzJGoyNiRsMCRoMA..,,19/06/2025
Central Bank of Ireland (CBI),IE,Alluvial Finance Inc,,,Payward Global Solutions LTD,9845003D98SCC2851458,,,,https://assets-cms.kraken.com/files/51n36hrp/facade/f230baf4c2ef986b39971ac7d6c12a18b8cf9f31.pdf?_gl=1*ssfwcu*_gcl_au*MTcxOTgwMTU0NC4xNzUwMDk4MDIx*_ga*MTc4ODAyNDUxNC4xNzUwMDk4MDIx*_ga_5MVYWBPCBE*czE3NTI2ODY0MDIkbzE2JGcxJHQxNzUyNjkwMTAzJGoyNiRsMCRoMA..,,19/06/2025
Central Bank of Ireland (CBI),IE,Liquity AG,984500F3D6Q82B14BC09,CH,Payward Global Solutions LTD,9845003D98SCC2851458,,,,https://assets-cms.kraken.com/files/51n36hrp/facade/57a8de668e0fb67ac2f68096dd9cc0ed560390e2.pdf?_gl=1*ssfwcu*_gcl_au*MTcxOTgwMTU0NC4xNzUwMDk4MDIx*_ga*MTc4ODAyNDUxNC4xNzUwMDk4MDIx*_ga_5MVYWBPCBE*czE3NTI2ODY0MDIkbzE2JGcxJHQxNzUyNjkwMTAzJGoyNiRsMCRoMA..,,19/06/2025
Central Bank of Ireland (CBI),IE,Not Available,,,Payward Global Solutions LTD,9845003D98SCC2851458,,,,https://assets-cms.kraken.com/files/51n36hrp/facade/4bd0ed3725e6de082c8b36906c39690d9961178a.pdf?_gl=1*1sghuo1*_gcl_au*MTcxOTgwMTU0NC4xNzUwMDk4MDIx*_ga*MTc4ODAyNDUxNC4xNzUwMDk4MDIx*_ga_5MVYWBPCBE*czE3NTI2ODY0MDIkbzE2JGcxJHQxNzUyNjkwMTAzJGoyNiRsMCRoMA..,,19/06/2025
Central Bank of Ireland (CBI),IE,Not Available,,,Payward Global Solutions LTD,9845003D98SCC2851458,,,,https://assets-cms.kraken.com/files/51n36hrp/facade/14c7f4274926f767670c7de0611e749e26498bd5.pdf?_gl=1*1sghuo1*_gcl_au*MTcxOTgwMTU0NC4xNzUwMDk4MDIx*_ga*MTc4ODAyNDUxNC4xNzUwMDk4MDIx*_ga_5MVYWBPCBE*czE3NTI2ODY0MDIkbzE2JGcxJHQxNzUyNjkwMTAzJGoyNiRsMCRoMA..,,19/06/2025
Central Bank of Ireland (CBI),IE,WAGMI Ltd,,,Payward Global Solutions LTD,9845003D98SCC2851458,,,,https://assets-cms.kraken.com/files/51n36hrp/facade/7a760107f3bc2f673a3ddbdba5c28b542d18092b.pdf?_gl=1*oze5ld*_gcl_au*MTcxOTgwMTU0NC4xNzUwMDk4MDIx*_ga*MTc4ODAyNDUxNC4xNzUwMDk4MDIx*_ga_5MVYWBPCBE*czE3NTI2ODY0MDIkbzE2JGcxJHQxNzUyNjkwMTAzJGoyNiRsMCRoMA..,,19/06/2025
Central Bank of Ireland (CBI),IE,Euclid Labs,,,Payward Global Solutions LTD,9845003D98SCC2851458,,,,https://assets-cms.kraken.com/files/51n36hrp/facade/c498e806c407660829012ca53f808ae42ee9c18b.pdf?_gl=1*oze5ld*_gcl_au*MTcxOTgwMTU0NC4xNzUwMDk4MDIx*_ga*MTc4ODAyNDUxNC4xNzUwMDk4MDIx*_ga_5MVYWBPCBE*czE3NTI2ODY0MDIkbzE2JGcxJHQxNzUyNjkwMTAzJGoyNiRsMCRoMA..,,19/06/2025
Central Bank of Ireland (CBI),IE,MANTRA Chain Association,,CH,Payward Global Solutions LTD,9845003D98SCC2851458,,,,https://assets-cms.kraken.com/files/51n36hrp/facade/ee7eebfdde6e692a5d2b02ab2caa3f827126b7cc.pdf?_gl=1*oze5ld*_gcl_au*MTcxOTgwMTU0NC4xNzUwMDk4MDIx*_ga*MTc4ODAyNDUxNC4xNzUwMDk4MDIx*_ga_5MVYWBPCBE*czE3NTI2ODY0MDIkbzE2JGcxJHQxNzUyNjkwMTAzJGoyNiRsMCRoMA..,,19/06/2025
Central Bank of Ireland (CBI),IE,"MKT World, LLC",,,Payward Global Solutions LTD,9845003D98SCC2851458,,,,https://assets-cms.kraken.com/files/51n36hrp/facade/7c590e4b3fdfdd8662dce3b61f6b77053b7c816b.pdf?_gl=1*oze5ld*_gcl_au*MTcxOTgwMTU0NC4xNzUwMDk4MDIx*_ga*MTc4ODAyNDUxNC4xNzUwMDk4MDIx*_ga_5MVYWBPCBE*czE3NTI2ODY0MDIkbzE2JGcxJHQxNzUyNjkwMTAzJGoyNiRsMCRoMA..,,19/06/2025
Central Bank of Ireland (CBI),IE,Not Available,,,Payward Global Solutions LTD,9845003D98SCC2851458,,,,https://assets-cms.kraken.com/files/51n36hrp/facade/ecaeba3914bdfd854244137766274ddd8c2526cd.pdf?_gl=1*oze5ld*_gcl_au*MTcxOTgwMTU0NC4xNzUwMDk4MDIx*_ga*MTc4ODAyNDUxNC4xNzUwMDk4MDIx*_ga_5MVYWBPCBE*czE3NTI2ODY0MDIkbzE2JGcxJHQxNzUyNjkwMTAzJGoyNiRsMCRoMA..,,19/06/2025
Central Bank of Ireland (CBI),IE,Mind Network Pte. Ltd.,,,Payward Global Solutions LTD,9845003D98SCC2851458,,,,https://assets-cms.kraken.com/files/51n36hrp/facade/da6a7343493f408635919f66387e9157be4516c9.pdf?_gl=1*oze5ld*_gcl_au*MTcxOTgwMTU0NC4xNzUwMDk4MDIx*_ga*MTc4ODAyNDUxNC4xNzUwMDk4MDIx*_ga_5MVYWBPCBE*czE3NTI2ODY0MDIkbzE2JGcxJHQxNzUyNjkwMTAzJGoyNiRsMCRoMA..,,19/06/2025
Central Bank of Ireland (CBI),IE,Moonwell Foundation,,,Payward Global Solutions LTD,9845003D98SCC2851458,,,,https://assets-cms.kraken.com/files/51n36hrp/facade/ff4d2bcb6707999a1e9b4489f9b6966841ea1c29.pdf?_gl=1*ehk0dd*_gcl_au*MTcxOTgwMTU0NC4xNzUwMDk4MDIx*_ga*MTc4ODAyNDUxNC4xNzUwMDk4MDIx*_ga_5MVYWBPCBE*czE3NTI2ODY0MDIkbzE2JGcxJHQxNzUyNjkwMTAzJGoyNiRsMCRoMA..,,19/06/2025
Central Bank of Ireland (CBI),IE,Not Available,,,Payward Global Solutions LTD,9845003D98SCC2851458,,,,https://assets-cms.kraken.com/files/51n36hrp/facade/c7589dc8a01c063a3250d4de7e7d20fbb0e77423.pdf?_gl=1*ehk0dd*_gcl_au*MTcxOTgwMTU0NC4xNzUwMDk4MDIx*_ga*MTc4ODAyNDUxNC4xNzUwMDk4MDIx*_ga_5MVYWBPCBE*czE3NTI2ODY0MDIkbzE2JGcxJHQxNzUyNjkwMTAzJGoyNiRsMCRoMA..,,19/06/2025
Central Bank of Ireland (CBI),IE,"Transaction Assembly, Inc",,,Payward Global Solutions LTD,9845003D98SCC2851458,,,,https://assets-cms.kraken.com/files/51n36hrp/facade/c2ec99da1ab10b2e6b3cfe9a55ba295bbe8000b9.pdf?_gl=1*ehk0dd*_gcl_au*MTcxOTgwMTU0NC4xNzUwMDk4MDIx*_ga*MTc4ODAyNDUxNC4xNzUwMDk4MDIx*_ga_5MVYWBPCBE*czE3NTI2ODY0MDIkbzE2JGcxJHQxNzUyNjkwMTAzJGoyNiRsMCRoMA..,,19/06/2025
Central Bank of Ireland (CBI),IE,CIC Digital LLC,,,Payward Global Solutions LTD,9845003D98SCC2851458,,,,https://assets-cms.kraken.com/files/51n36hrp/facade/49e77605d42a5f61ccaaaf74f14d2d25da399ab1.pdf?_gl=1*ehk0dd*_gcl_au*MTcxOTgwMTU0NC4xNzUwMDk4MDIx*_ga*MTc4ODAyNDUxNC4xNzUwMDk4MDIx*_ga_5MVYWBPCBE*czE3NTI2ODY0MDIkbzE2JGcxJHQxNzUyNjkwMTAzJGoyNiRsMCRoMA..,,19/06/2025
Central Bank of Ireland (CBI),IE,Orderly Network LLC,,,Payward Global Solutions LTD,9845003D98SCC2851458,,,,https://assets-cms.kraken.com/files/51n36hrp/facade/fec364b5c1ab2c115bee2c50af4c05742b27ce55.pdf?_gl=1*ehk0dd*_gcl_au*MTcxOTgwMTU0NC4xNzUwMDk4MDIx*_ga*MTc4ODAyNDUxNC4xNzUwMDk4MDIx*_ga_5MVYWBPCBE*czE3NTI2ODY0MDIkbzE2JGcxJHQxNzUyNjkwMTAzJGoyNiRsMCRoMA..,,19/06/2025
Central Bank of Ireland (CBI),IE,Not Available,,,Payward Global Solutions LTD,9845003D98SCC2851458,,,,https://assets-cms.kraken.com/files/51n36hrp/facade/71b25fa216587d78ac3ae3e15a1a86df54df6317.pdf?_gl=1*1rss9bk*_gcl_au*MTcxOTgwMTU0NC4xNzUwMDk4MDIx*_ga*MTc4ODAyNDUxNC4xNzUwMDk4MDIx*_ga_5MVYWBPCBE*czE3NTI2ODY0MDIkbzE2JGcxJHQxNzUyNjkwMTAzJGoyNiRsMCRoMA..,,19/06/2025
Central Bank of Ireland (CBI),IE,"Solayer Labs, Inc.",,,Payward Global Solutions LTD,9845003D98SCC2851458,,,,https://assets-cms.kraken.com/files/51n36hrp/facade/065077894682b17f4934077682bd1526ca53e7f7.pdf?_gl=1*1rss9bk*_gcl_au*MTcxOTgwMTU0NC4xNzUwMDk4MDIx*_ga*MTc4ODAyNDUxNC4xNzUwMDk4MDIx*_ga_5MVYWBPCBE*czE3NTI2ODY0MDIkbzE2JGcxJHQxNzUyNjkwMTAzJGoyNiRsMCRoMA..,,19/06/2025
Central Bank of Ireland (CBI),IE,SSV Network Foundation,,,Payward Global Solutions LTD,9845003D98SCC2851458,,,,https://assets-cms.kraken.com/files/51n36hrp/facade/474878300c52da652ac0dd95c61ae6020379ea8f.pdf?_gl=1*1rss9bk*_gcl_au*MTcxOTgwMTU0NC4xNzUwMDk4MDIx*_ga*MTc4ODAyNDUxNC4xNzUwMDk4MDIx*_ga_5MVYWBPCBE*czE3NTI2ODY0MDIkbzE2JGcxJHQxNzUyNjkwMTAzJGoyNiRsMCRoMA..,,19/06/2025
Central Bank of Ireland (CBI),IE,Not Available,,,Payward Global Solutions LTD,9845003D98SCC2851458,,,,https://assets-cms.kraken.com/files/51n36hrp/facade/e28c17759c34bb60855f759c4b18858a3d5c77ab.pdf?_gl=1*1rss9bk*_gcl_au*MTcxOTgwMTU0NC4xNzUwMDk4MDIx*_ga*MTc4ODAyNDUxNC4xNzUwMDk4MDIx*_ga_5MVYWBPCBE*czE3NTI2ODY0MDIkbzE2JGcxJHQxNzUyNjkwMTAzJGoyNiRsMCRoMA..,,19/06/2025
Central Bank of Ireland (CBI),IE,Not Available,,,Payward Global Solutions LTD,9845003D98SCC2851458,,,,https://assets-cms.kraken.com/files/51n36hrp/facade/ca4bb016196f6e038eb8817690a7ab1c98cfa322.pdf?_gl=1*1rss9bk*_gcl_au*MTcxOTgwMTU0NC4xNzUwMDk4MDIx*_ga*MTc4ODAyNDUxNC4xNzUwMDk4MDIx*_ga_5MVYWBPCBE*czE3NTI2ODY0MDIkbzE2JGcxJHQxNzUyNjkwMTAzJGoyNiRsMCRoMA..,,19/06/2025
Central Bank of Ireland (CBI),IE,Not Available,,,Payward Global Solutions LTD,9845003D98SCC2851458,,,,https://assets-cms.kraken.com/files/51n36hrp/facade/6d1133729845d25efb188070589423762017f0f6.pdf?_gl=1*35aszs*_gcl_au*MTcxOTgwMTU0NC4xNzUwMDk4MDIx*_ga*MTc4ODAyNDUxNC4xNzUwMDk4MDIx*_ga_5MVYWBPCBE*czE3NTI2ODY0MDIkbzE2JGcxJHQxNzUyNjkwMTAzJGoyNiRsMCRoMA..,,19/06/2025
Central Bank of Ireland (CBI),IE,Not Available,,,Payward Global Solutions LTD,9845003D98SCC2851458,,,,https://assets-cms.kraken.com/files/51n36hrp/facade/c9ce6e4cd17fecadfe2f571dcb917ae978728621.pdf?_gl=1*1on7fyx*_gcl_au*MTcxOTgwMTU0NC4xNzUwMDk4MDIx*_ga*MTc4ODAyNDUxNC4xNzUwMDk4MDIx*_ga_5MVYWBPCBE*czE3NTI2ODY0MDIkbzE2JGcxJHQxNzUyNjkwMTAzJGoyNiRsMCRoMA..,,19/06/2025
Central Bank of Ireland (CBI),IE,Terminal 0 Ltd.,254900Q507MAI9G91K71,,Payward Global Solutions LTD,9845003D98SCC2851458,,,,https://assets-cms.kraken.com/files/51n36hrp/facade/5f96f40538c920802b5fbee46faf73e793c9dd14.pdf?_gl=1*1on7fyx*_gcl_au*MTcxOTgwMTU0NC4xNzUwMDk4MDIx*_ga*MTc4ODAyNDUxNC4xNzUwMDk4MDIx*_ga_5MVYWBPCBE*czE3NTI2ODY0MDIkbzE2JGcxJHQxNzUyNjkwMTAzJGoyNiRsMCRoMA..,,19/06/2025
Central Bank of Ireland (CBI),IE,Not Available,,,Payward Global Solutions LTD,9845003D98SCC2851458,,,,https://assets-cms.kraken.com/files/51n36hrp/facade/07a9e3f8c814663aca505a5b62b06138cc5df08d.pdf?_gl=1*1on7fyx*_gcl_au*MTcxOTgwMTU0NC4xNzUwMDk4MDIx*_ga*MTc4ODAyNDUxNC4xNzUwMDk4MDIx*_ga_5MVYWBPCBE*czE3NTI2ODY0MDIkbzE2JGcxJHQxNzUyNjkwMTAzJGoyNiRsMCRoMA..,,19/06/2025
Central Bank of Ireland (CBI),IE,Not Available,,,Payward Global Solutions LTD,9845003D98SCC2851458,,,,https://assets-cms.kraken.com/files/51n36hrp/facade/58f4d8716cf2392b822d711fff30e147205abd5e.pdf?_gl=1*1e4qt9l*_gcl_au*MTcxOTgwMTU0NC4xNzUwMDk4MDIx*_ga*MTc4ODAyNDUxNC4xNzUwMDk4MDIx*_ga_5MVYWBPCBE*czE3NTI2ODY0MDIkbzE2JGcxJHQxNzUyNjkwMTAzJGoyNiRsMCRoMA..,,19/06/2025
Central Bank of Ireland (CBI),IE,Up Only Co.,,,Payward Global Solutions LTD,9845003D98SCC2851458,,,,https://assets-cms.kraken.com/files/51n36hrp/facade/843fb2ca891fdbe9098e3ae1c3a1698442c47b3b.pdf?_gl=1*1e4qt9l*_gcl_au*MTcxOTgwMTU0NC4xNzUwMDk4MDIx*_ga*MTc4ODAyNDUxNC4xNzUwMDk4MDIx*_ga_5MVYWBPCBE*czE3NTI2ODY0MDIkbzE2JGcxJHQxNzUyNjkwMTAzJGoyNiRsMCRoMA..,,19/06/2025
Central Bank of Ireland (CBI),IE,Velodrome Foundation,,,Payward Global Solutions LTD,9845003D98SCC2851458,,,,https://assets-cms.kraken.com/files/51n36hrp/facade/931b4551089100150791ae0fe3bb2ddb7cfd1b7c.pdf?_gl=1*1e4qt9l*_gcl_au*MTcxOTgwMTU0NC4xNzUwMDk4MDIx*_ga*MTc4ODAyNDUxNC4xNzUwMDk4MDIx*_ga_5MVYWBPCBE*czE3NTI2ODY0MDIkbzE2JGcxJHQxNzUyNjkwMTAzJGoyNiRsMCRoMA..,,19/06/2025
Central Bank of Ireland (CBI),IE,Not Available,,,Payward Global Solutions LTD,9845003D98SCC2851458,,,,https://assets-cms.kraken.com/files/51n36hrp/facade/069192d5bc9593af56ec97a15c34aacc281fb3f4.pdf?_gl=1*1e4qt9l*_gcl_au*MTcxOTgwMTU0NC4xNzUwMDk4MDIx*_ga*MTc4ODAyNDUxNC4xNzUwMDk4MDIx*_ga_5MVYWBPCBE*czE3NTI2ODY0MDIkbzE2JGcxJHQxNzUyNjkwMTAzJGoyNiRsMCRoMA..,,19/06/2025
Central Bank of Ireland (CBI),IE,Not Available,,,Payward Global Solutions LTD,9845003D98SCC2851458,,,,https://assets-cms.kraken.com/files/51n36hrp/facade/590488ecc972bff118567698b0d226f099b8ee6d.pdf?_gl=1*1wzjll*_gcl_au*MTcxOTgwMTU0NC4xNzUwMDk4MDIx*_ga*MTc4ODAyNDUxNC4xNzUwMDk4MDIx*_ga_5MVYWBPCBE*czE3NTI2ODY0MDIkbzE2JGcxJHQxNzUyNjkwMTAzJGoyNiRsMCRoMA..,,19/06/2025
Central Bank of Ireland (CBI),IE,Walrus Foundation,,,Payward Global Solutions LTD,9845003D98SCC2851458,,,,https://assets-cms.kraken.com/files/51n36hrp/facade/1668eaad1e79a7f75f04a0e97253eb80c8260048.pdf?_gl=1*1wzjll*_gcl_au*MTcxOTgwMTU0NC4xNzUwMDk4MDIx*_ga*MTc4ODAyNDUxNC4xNzUwMDk4MDIx*_ga_5MVYWBPCBE*czE3NTI2ODY0MDIkbzE2JGcxJHQxNzUyNjkwMTAzJGoyNiRsMCRoMA..,,19/06/2025
Central Bank of Ireland (CBI),IE,Not Available,,,Payward Global Solutions LTD,9845003D98SCC2851458,,,,https://assets-cms.kraken.com/files/51n36hrp/facade/bbdf09182371efa703b522bb3bb48df4193eef8f.pdf?_gl=1*1wzjll*_gcl_au*MTcxOTgwMTU0NC4xNzUwMDk4MDIx*_ga*MTc4ODAyNDUxNC4xNzUwMDk4MDIx*_ga_5MVYWBPCBE*czE3NTI2ODY0MDIkbzE2JGcxJHQxNzUyNjkwMTAzJGoyNiRsMCRoMA..,,19/06/2025
Central Bank of Ireland (CBI),IE,Not Available,,,Payward Global Solutions LTD,9845003D98SCC2851458,,,,https://assets-cms.kraken.com/files/51n36hrp/facade/70183b5aa92fe09ef15a80bff9fee69673e59f74.pdf?_gl=1*1wzjll*_gcl_au*MTcxOTgwMTU0NC4xNzUwMDk4MDIx*_ga*MTc4ODAyNDUxNC4xNzUwMDk4MDIx*_ga_5MVYWBPCBE*czE3NTI2ODY0MDIkbzE2JGcxJHQxNzUyNjkwMTAzJGoyNiRsMCRoMA..,,19/06/2025
Central Bank of Ireland (CBI),IE,Not Available,,,Payward Global Solutions LTD,9845003D98SCC2851458,,,,https://assets-cms.kraken.com/files/51n36hrp/facade/3e23b45bad4e6e8471bd87f39f30627b6df91bbd.pdf?_gl=1*t349mx*_gcl_au*MTcxOTgwMTU0NC4xNzUwMDk4MDIx*_ga*MTc4ODAyNDUxNC4xNzUwMDk4MDIx*_ga_5MVYWBPCBE*czE3NTI2ODY0MDIkbzE2JGcxJHQxNzUyNjkwMTAzJGoyNiRsMCRoMA..,,26/06/2025
Central Bank of Ireland (CBI),IE,Player1 Foundation,,,Payward Global Solutions LTD,9845003D98SCC2851458,,,,https://assets-cms.kraken.com/files/51n36hrp/facade/d682714d12a7918a85c5cc3e303616a633b7fce4.pdf?_gl=1*t349mx*_gcl_au*MTcxOTgwMTU0NC4xNzUwMDk4MDIx*_ga*MTc4ODAyNDUxNC4xNzUwMDk4MDIx*_ga_5MVYWBPCBE*czE3NTI2ODY0MDIkbzE2JGcxJHQxNzUyNjkwMTAzJGoyNiRsMCRoMA..,,26/06/2025
Central Bank of Ireland (CBI),IE,CLV,,,Payward Global Solutions LTD,9845003D98SCC2851458,,,,https://assets-cms.kraken.com/files/51n36hrp/facade/ed883fc89a9fb172b59a0ff8ce9818a21908ff4a.pdf?_gl=1*t349mx*_gcl_au*MTcxOTgwMTU0NC4xNzUwMDk4MDIx*_ga*MTc4ODAyNDUxNC4xNzUwMDk4MDIx*_ga_5MVYWBPCBE*czE3NTI2ODY0MDIkbzE2JGcxJHQxNzUyNjkwMTAzJGoyNiRsMCRoMA..,,26/06/2025
Central Bank of Ireland (CBI),IE,Cyber Foundation,,,Payward Global Solutions LTD,9845003D98SCC2851458,,,,https://assets-cms.kraken.com/files/51n36hrp/facade/2f54bcc93d9decc744f258a048b9205527e08a92.pdf?_gl=1*yze9sq*_gcl_au*MTcxOTgwMTU0NC4xNzUwMDk4MDIx*_ga*MTc4ODAyNDUxNC4xNzUwMDk4MDIx*_ga_5MVYWBPCBE*czE3NTI2ODY0MDIkbzE2JGcxJHQxNzUyNjkwMTAzJGoyNiRsMCRoMA..,,26/06/2025
Central Bank of Ireland (CBI),IE,Mysten Labs,,US,Payward Global Solutions LTD,9845003D98SCC2851458,,,,https://assets-cms.kraken.com/files/51n36hrp/facade/5e2072afc89b939d8c6fc140ea7f396911e9bc6c.pdf?_gl=1*yze9sq*_gcl_au*MTcxOTgwMTU0NC4xNzUwMDk4MDIx*_ga*MTc4ODAyNDUxNC4xNzUwMDk4MDIx*_ga_5MVYWBPCBE*czE3NTI2ODY0MDIkbzE2JGcxJHQxNzUyNjkwMTAzJGoyNiRsMCRoMA..,,26/06/2025
Central Bank of Ireland (CBI),IE,Gentlemen Labs Inc.,,US,Payward Global Solutions LTD,9845003D98SCC2851458,,,,https://assets-cms.kraken.com/files/51n36hrp/facade/919db069e5f3e24ee6ca751c59f34cae01c37ca3.pdf?_gl=1*yze9sq*_gcl_au*MTcxOTgwMTU0NC4xNzUwMDk4MDIx*_ga*MTc4ODAyNDUxNC4xNzUwMDk4MDIx*_ga_5MVYWBPCBE*czE3NTI2ODY0MDIkbzE2JGcxJHQxNzUyNjkwMTAzJGoyNiRsMCRoMA..,,26/06/2025
Central Bank of Ireland (CBI),IE,Not Available,,,Payward Global Solutions LTD,9845003D98SCC2851458,,,,https://assets-cms.kraken.com/files/51n36hrp/facade/ffaf7f9f6516cd797b8028e1fd0f3a0381474faf.pdf?_gl=1*y154rm*_gcl_au*MTcxOTgwMTU0NC4xNzUwMDk4MDIx*_ga*MTc4ODAyNDUxNC4xNzUwMDk4MDIx*_ga_5MVYWBPCBE*czE3NTI2ODY0MDIkbzE2JGcxJHQxNzUyNjkwMTAzJGoyNiRsMCRoMA..,,26/06/2025
Central Bank of Ireland (CBI),IE,DuckChain Foundation,254900D14600EDO8T480,,Payward Global Solutions LTD,9845003D98SCC2851458,,,,https://assets-cms.kraken.com/files/51n36hrp/facade/276e476f947164a6450408f1c6a5c8644f5d9e0e.pdf?_gl=1*y154rm*_gcl_au*MTcxOTgwMTU0NC4xNzUwMDk4MDIx*_ga*MTc4ODAyNDUxNC4xNzUwMDk4MDIx*_ga_5MVYWBPCBE*czE3NTI2ODY0MDIkbzE2JGcxJHQxNzUyNjkwMTAzJGoyNiRsMCRoMA..,,26/06/2025
Central Bank of Ireland (CBI),IE,InFlux Technologies Limited,,UK,Payward Global Solutions LTD,9845003D98SCC2851458,,,,https://assets-cms.kraken.com/files/51n36hrp/facade/58054248c9b6c4d11df0f30a912bfd098e677fdc.pdf?_gl=1*y154rm*_gcl_au*MTcxOTgwMTU0NC4xNzUwMDk4MDIx*_ga*MTc4ODAyNDUxNC4xNzUwMDk4MDIx*_ga_5MVYWBPCBE*czE3NTI2ODY0MDIkbzE2JGcxJHQxNzUyNjkwMTAzJGoyNiRsMCRoMA..,,26/06/2025
Central Bank of Ireland (CBI),IE,Magpie Markets Limited,,VG,Payward Global Solutions LTD,9845003D98SCC2851458,,,,https://assets-cms.kraken.com/files/51n36hrp/facade/2a2555a9c99c57e6b63008fea34e962d1fa6720b.pdf?_gl=1*5pub82*_gcl_au*MTcxOTgwMTU0NC4xNzUwMDk4MDIx*_ga*MTc4ODAyNDUxNC4xNzUwMDk4MDIx*_ga_5MVYWBPCBE*czE3NTI2ODY0MDIkbzE2JGcxJHQxNzUyNjkwMTAzJGoyNiRsMCRoMA..,,26/06/2025
Central Bank of Ireland (CBI),IE,JUST Foundation,,,Payward Global Solutions LTD,9845003D98SCC2851458,,,,https://assets-cms.kraken.com/files/51n36hrp/facade/7bc138abcc70976581460999aadcdbe1133c38e0.pdf?_gl=1*5pub82*_gcl_au*MTcxOTgwMTU0NC4xNzUwMDk4MDIx*_ga*MTc4ODAyNDUxNC4xNzUwMDk4MDIx*_ga_5MVYWBPCBE*czE3NTI2ODY0MDIkbzE2JGcxJHQxNzUyNjkwMTAzJGoyNiRsMCRoMA..,,26/06/2025
Central Bank of Ireland (CBI),IE,Evercrest Technologies Inc.,,,Payward Global Solutions LTD,9845003D98SCC2851458,,,,https://assets-cms.kraken.com/files/51n36hrp/facade/fc72cf7b4e7d39d624c2dd80c569aae706caba43.pdf?_gl=1*5pub82*_gcl_au*MTcxOTgwMTU0NC4xNzUwMDk4MDIx*_ga*MTc4ODAyNDUxNC4xNzUwMDk4MDIx*_ga_5MVYWBPCBE*czE3NTI2ODY0MDIkbzE2JGcxJHQxNzUyNjkwMTAzJGoyNiRsMCRoMA..,,26/06/2025
Central Bank of Ireland (CBI),IE,Plume Foundation,,KY,Payward Global Solutions LTD,9845003D98SCC2851458,,,,https://assets-cms.kraken.com/files/51n36hrp/facade/3a6e11f992cc7664d1cd9a5bf909b45541281cda.pdf?_gl=1*5pub82*_gcl_au*MTcxOTgwMTU0NC4xNzUwMDk4MDIx*_ga*MTc4ODAyNDUxNC4xNzUwMDk4MDIx*_ga_5MVYWBPCBE*czE3NTI2ODY0MDIkbzE2JGcxJHQxNzUyNjkwMTAzJGoyNiRsMCRoMA..,,26/06/2025
Central Bank of Ireland (CBI),IE,"Space and Time Labs, Inc.",,US,Payward Global Solutions LTD,9845003D98SCC2851458,,,,https://assets-cms.kraken.com/files/51n36hrp/facade/996b1249c104482a25ca0380bf24ca3046847443.pdf?_gl=1*5pub82*_gcl_au*MTcxOTgwMTU0NC4xNzUwMDk4MDIx*_ga*MTc4ODAyNDUxNC4xNzUwMDk4MDIx*_ga_5MVYWBPCBE*czE3NTI2ODY0MDIkbzE2JGcxJHQxNzUyNjkwMTAzJGoyNiRsMCRoMA..,,26/06/2025
Central Bank of Ireland (CBI),IE,"Right Trigger Entertainment, Inc",,US,Payward Global Solutions LTD,9845003D98SCC2851458,,,,https://assets-cms.kraken.com/files/51n36hrp/facade/8ab058c4b0e03a71c5b12174aa9c17fe13888572.pdf?_gl=1*1irf9fn*_gcl_au*MTcxOTgwMTU0NC4xNzUwMDk4MDIx*_ga*MTc4ODAyNDUxNC4xNzUwMDk4MDIx*_ga_5MVYWBPCBE*czE3NTI2ODY0MDIkbzE2JGcxJHQxNzUyNjkwMTAzJGoyNiRsMCRoMA..,,26/06/2025
Central Bank of Ireland (CBI),IE,Not Available,,,Payward Global Solutions LTD,9845003D98SCC2851458,,,,https://assets-cms.kraken.com/files/51n36hrp/facade/8cc5230818a5a664200478168e5b5da940112ab5.pdf?_gl=1*1irf9fn*_gcl_au*MTcxOTgwMTU0NC4xNzUwMDk4MDIx*_ga*MTc4ODAyNDUxNC4xNzUwMDk4MDIx*_ga_5MVYWBPCBE*czE3NTI2ODY0MDIkbzE2JGcxJHQxNzUyNjkwMTAzJGoyNiRsMCRoMA..,,26/06/2025
Central Bank of Ireland (CBI),IE,Floki DAO,,,Payward Global Solutions LTD,9845003D98SCC2851458,,,,https://assets-cms.kraken.com/files/51n36hrp/facade/01104996724ff1fb11837ea7c908d8b7c7febc45.pdf?_gl=1*1irf9fn*_gcl_au*MTcxOTgwMTU0NC4xNzUwMDk4MDIx*_ga*MTc4ODAyNDUxNC4xNzUwMDk4MDIx*_ga_5MVYWBPCBE*czE3NTI2ODY0MDIkbzE2JGcxJHQxNzUyNjkwMTAzJGoyNiRsMCRoMA..,,26/06/2025
Central Bank of Ireland (CBI),IE,Avail Holding Ltd,,,,,,,,https://www.availproject.org/mica-whitepaper,,26/06/2025
Central Bank of Ireland (CBI),IE,OGF (BVI) Ltd,,VG,,,,,,https://opengamefoundation.org/,,02/07/2025
Central Bank of Ireland (CBI),IE,Init Capital Ltd.,,VG,,,,,,https://storage.googleapis.com/infinit-asset-public/infinit-landing/documents/INFINIT_MiCAR_WHITE_PAPER.pdf,,07/07/2025
Central Bank of Ireland (CBI),IE,Trilitech Design Limited,,VG,,,,,,https://uranium.io/en/micar-whitepaper,,11/07/2025
Central Bank of Ireland (CBI),IE,AIOZ Blockchain Inc,,SG,Payward Global Solutions LTD,9845003D98SCC2851458,,,,https://assets-cms.kraken.com/files/51n36hrp/facade/f92eda9a6017109d949852abe16655376d547f57.pdf,,14/07/2025
Central Bank of Ireland (CBI),IE,Balance Labs Foundation,,US,Payward Global Solutions LTD,9845003D98SCC2851458,,,,https://assets-cms.kraken.com/files/51n36hrp/facade/92c254cb58f07238f6bc41fa42ff2a05f04c7fa7.pdf,,14/07/2025
Central Bank of Ireland (CBI),IE,Rome Blockchain Labs Inc,,,Payward Global Solutions LTD,9845003D98SCC2851458,,,,https://assets-cms.kraken.com/files/51n36hrp/facade/0420f21407c74ed825c8ee56635e0b1b7f6a419b.pdf,,14/07/2025
Central Bank of Ireland (CBI),IE,Not Available,,,Payward Global Solutions LTD,9845003D98SCC2851458,,,,https://assets-cms.kraken.com/files/51n36hrp/facade/3a43c274853c755b3ef2e219021f92b1018ceeef.pdf,,14/07/2025
Central Bank of Ireland (CBI),IE,Not Available,,,Payward Global Solutions LTD,9845003D98SCC2851458,,,,https://assets-cms.kraken.com/files/51n36hrp/facade/69a3d056c305f80d3241cb6dc2661ffba2cb7667.pdf,,14/07/2025
Central Bank of Ireland (CBI),IE,Jito Foundation,,,Payward Global Solutions LTD,9845003D98SCC2851458,,,,https://assets-cms.kraken.com/files/51n36hrp/facade/21cd74d7f7c63e8dfaaabb3b29549fbaa7f59028.pdf ,,14/07/2025
Central Bank of Ireland (CBI),IE,El Ephjay Corp,,,Payward Global Solutions LTD,9845003D98SCC2851458,,,,https://assets-cms.kraken.com/files/51n36hrp/facade/72fdd210359c5be1fadf2c4f1f3fef58e117461d.pdf,,14/07/2025
Central Bank of Ireland (CBI),IE,"Hedera Hashgraph, LLC",,,Payward Global Solutions LTD,9845003D98SCC2851458,,,,https://assets-cms.kraken.com/files/51n36hrp/facade/e64f2abd83a21784546b11e4c6aa842a664666c1.pdf,,14/07/2025
Central Bank of Ireland (CBI),IE,"Bitmap Tech, Inc",,,Payward Global Solutions LTD,9845003D98SCC2851458,,,,https://assets-cms.kraken.com/files/51n36hrp/facade/31e6b9f923ab0218bd4cb8a5b0ac0cc72040ae1b.pdf,,14/07/2025
Central Bank of Ireland (CBI),IE,Parti Holding Limited,,,Payward Global Solutions LTD,9845003D98SCC2851458,,,,https://assets-cms.kraken.com/files/51n36hrp/facade/dc9fd02564af68507871472545cec43f4da4c123.pdf,,14/07/2025
Central Bank of Ireland (CBI),IE,Not Available,,,Payward Global Solutions LTD,9845003D98SCC2851458,,,,https://assets-cms.kraken.com/files/51n36hrp/facade/c6165d0b0b926c37f275aa6b885aa08a13afdab1.pdf,,14/07/2025
Central Bank of Ireland (CBI),IE,Unite Mgmt Ltd,,,Payward Global Solutions LTD,9845003D98SCC2851458,,,,https://assets-cms.kraken.com/files/51n36hrp/facade/6b1f611816aa0645e9f2a2130e52156629a49307.pdf,,14/07/2025
Central Bank of Ireland (CBI),IE,DIMO Network Limited ,,VG,,,,,,https://docs.dimo.org/foundation/mica-whitepaper,,17/07/2025
Central Bank of Ireland (CBI),IE,AI Dreams Capital Ltd,,VG,,,,,,https://mica.sogni.ai,,15/07/2025
Central Bank of Ireland (CBI),IE,Dawn LLC,,,Payward Global Solutions LTD,9845003D98SCC2851458,,,,https://assets-cms.kraken.com/files/51n36hrp/facade/9768c36172176d5e986d73fbbc0946779c6e1cb3.pdf?_gl=1*19oo0jw*_gcl_au*MTcxOTgwMTU0NC4xNzUwMDk4MDIx*_ga*MTc4ODAyNDUxNC4xNzUwMDk4MDIx*_ga_5MVYWBPCBE*czE3NTM4MDM0ODAkbzI4JGcxJHQxNzUzODA0MDA2JGo1OSRsMCRoMA..,,18/07/2025
Central Bank of Ireland (CBI),IE,Not Available,,,Payward Global Solutions LTD,9845003D98SCC2851458,,,,https://assets-cms.kraken.com/files/51n36hrp/facade/b2d36cdfaf04d6125a97ea8b076a8cbd9b05de59.pdf?_gl=1*19oo0jw*_gcl_au*MTcxOTgwMTU0NC4xNzUwMDk4MDIx*_ga*MTc4ODAyNDUxNC4xNzUwMDk4MDIx*_ga_5MVYWBPCBE*czE3NTM4MDM0ODAkbzI4JGcxJHQxNzUzODA0MDA2JGo1OSRsMCRoMA..,,18/07/2025
Central Bank of Ireland (CBI),IE,MemeCore Foundation,,,Payward Global Solutions LTD,9845003D98SCC2851458,,,,https://assets-cms.kraken.com/files/51n36hrp/facade/523e476cf746d9b2f6313d5f77a108f7220dd248.pdf?_gl=1*19oo0jw*_gcl_au*MTcxOTgwMTU0NC4xNzUwMDk4MDIx*_ga*MTc4ODAyNDUxNC4xNzUwMDk4MDIx*_ga_5MVYWBPCBE*czE3NTM4MDM0ODAkbzI4JGcxJHQxNzUzODA0MDA2JGo1OSRsMCRoMA..,,18/07/2025
Central Bank of Ireland (CBI),IE,Match Networks Ltd.,,KY,,,,,,https://www.matchain.io/whitepaper,,22/07/2025
Central Bank of Ireland (CBI),IE,GAIA Network Limited,,,,,,,, https://www.gaianet.foundation/micawhitepaper,,24/07/2025
Central Bank of Ireland (CBI),IE,Tanssi Foundation,,,,,,,,https://tanssi.network/whitepaper,,24/07/2025
Central Bank of Ireland (CBI),IE,Enabler Development Ltd,,VG,,,,,,https://assets-cms.kraken.com/files/51n36hrp/facade/ae3f0232c4c6654e9ca78e3b1a394612ae3eea50.pdf?_gl=1*1tpa1w9*_gcl_au*MTcxOTgwMTU0NC4xNzUwMDk4MDIx*_ga*MTc4ODAyNDUxNC4xNzUwMDk4MDIx*_ga_5MVYWBPCBE*czE3NTM5NTQxNjkkbzMyJGcxJHQxNzUzOTU0NjYzJGoxOCRsMCRoMA..,,25/07/2025
Central Bank of Ireland (CBI),IE,The Liquid Foundation,,KY,,,,,,https://assets-cms.kraken.com/files/51n36hrp/facade/7dbfcb939e77a51601ba61eb2b28c33b9757a8ad.pdf?_gl=1*10c6a09*_gcl_au*MTcxOTgwMTU0NC4xNzUwMDk4MDIx*_ga*MTc4ODAyNDUxNC4xNzUwMDk4MDIx*_ga_5MVYWBPCBE*czE3NTM5NTQxNjkkbzMyJGcxJHQxNzUzOTU0NjYzJGoxOCRsMCRoMA..,,28/07/2025
Central Bank of Ireland (CBI),IE,Not Available,,,,,,,,https://assets-cms.kraken.com/files/51n36hrp/facade/46f9265d9dd13ddf034d67adb22f3e32c8363c90.pdf?_gl=1*1tpa1w9*_gcl_au*MTcxOTgwMTU0NC4xNzUwMDk4MDIx*_ga*MTc4ODAyNDUxNC4xNzUwMDk4MDIx*_ga_5MVYWBPCBE*czE3NTM5NTQxNjkkbzMyJGcxJHQxNzUzOTU0NjYzJGoxOCRsMCRoMA..,,28/07/2025
Central Bank of Ireland (CBI),IE,Saros Labs LLC,,VC,,,,,,http://saros.foundation,,28/07/2025
Central Bank of Ireland (CBI),IE,OGF (BVI) Ltd,,VG,,,,,,https://stg.ogfcorp.com,,29/07/2025
Central Bank of Ireland (CBI),IE,Paradox Foundation,,KY,,,,,,https://www.probablynothing.dev/MiCAGMEOW.pdf,,29/07/2025
Central Bank of Ireland (CBI),IE,Sapien International Ltd.,,VG,,,,,,https://cdn.prod.website-files.com/687a67e7be72b7854e6ea4b4/68ade496b54e265ba6ddd204_Sapien%20Token%20White%20Paper%20.pdf,,30/07/2025
Central Bank of Ireland (CBI),IE,TARS Technology LLC,,VC,,,,,,https://tars.pro/whitepaper,,30/07/2025
Central Bank of Ireland (CBI),IE,VeChain Foundation San Marino S.R.L.,5299001UWKNB61VZCT67,SM,,,,,,https://files.vebetterdao.org/vebetterdaocontainer/B3TR-White-Paper-MICAR.pdf,,31/07/2025
Central Bank of Ireland (CBI),IE,Constellation Foundation Company Ltd.,,KY ,,,,,,https://constellationnetwork.io/Constellation-Network-DAG-MiCA-Whitepaper.pdf,,31/07/2025
Central Bank of Ireland (CBI),IE,Golden PothoS Foundation,254900R3KG5GAA2E1127,KY,,,,,,https://cdn.shopify.com/s/files/1/0876/8372/7657/files/Rekt_MiCA_Whitepaper.pdf?v=1753283362,,01/08/2025
Central Bank of Ireland (CBI),IE,Digvalue Ltd.,,,,,,,,https://sosovalue-white-paper.gitbook.io/sosovalue-whitepaper/9.-resources/9.3-micar-whitepaper,,01/08/2025
Central Bank of Ireland (CBI),IE,Late Capitalism Ltd.,,VG,,,,,,https://housecoin.meme/mica.pdf,,01/08/2025
Central Bank of Ireland (CBI),IE,BeatBit Inc.,,KY,,,,,,https://static.cudis.xyz/Cudis_MiCAR_Whitepaper__Updated.docx.pdf?_gl=1*md1s56*_gcl_au*MzM4NTAzMS4xNzUwMzk1NDcx,,07/08/2025
Central Bank of Ireland (CBI),IE,Intuition (BVI) Limited,,VG ,,,,,,https://cdn.prod.website-files.com/65cdf366e68587fd384547f0/68b5e3d807adfc102c1fe522_Intuition_White%20Paper_06082025_DEF.pdf,,07/08/2025
Central Bank of Ireland (CBI),IE,Space Labs Ltd ,,,,,,,,http://spacecoin.org/mica-white-paper,,08/08/2025
Central Bank of Ireland (CBI),IE,Creditcoin OÜ,,,,,,,,http://creditcoin.org/mica-white-paper,,08/08/2025
Central Bank of Ireland (CBI),IE,Player1 Foundation,,KY,,,,,,https://docs.b3.fun/whitepaper-mica,,12/08/2025
Central Bank of Ireland (CBI),IE,Infinity Ground Holdings Limited,,VG,,,,,,https://infinity-ground.gitbook.io/whitepaper/resources/official-links,,15/08/2025
Central Bank of Ireland (CBI),IE,The Sweat Foundation Ltd,,,,,,,,https://whitepaper.swe.at/mica-compliant-white-paper/,,22/08/2025
Central Bank of Ireland (CBI),IE,The Developer’s Eminence Foundation,2549005KLZW22UAGVC23,KY,,,,,,https://cdn.prod.website-files.com/6797fb574dc07d6e9483674b/68b875c8a69a75f9891122cd_HYPER%20MiCA%20Whitepaper.pdf ,,13/08/2025
Central Bank of Ireland (CBI),IE,Liquid Bitcoin Foundation ,,KY,,,,,,https://www.lombard.finance/mica,,15/08/2025
Central Bank of Ireland (CBI),IE,Taker Labs Limited,,IE,,,,,,"https://taker.xyz/Taker_Protocol_Whitepaper.html/
https://taker.xyz/Taker_Protocol_Whitepaper.pdf",,15/08/2025
Central Bank of Ireland (CBI),IE,MANSORY AUTO TRADING Ltd,,VG,,,,,,https://dev-mansory-landing.cdn.prismic.io/dev-mansory-landing/aKh3HKTt2nPbao-D_%24MNSRYWhitePaper-14August2025.pdf,,15/08/2025
Central Bank of Ireland (CBI),IE,Late Capitalism Ltd.,,VG,,,,,,www.usduc.org ,,26/09/2025
Central Bank of Ireland (CBI),IE,Mithril Global Ltd,,VG,,,,,,https://github.com/satlayer/satlayer-bvs/blob/main/docs/public/assets/micar_whitepaper.pdf,,18/09/2025
Central Bank of Ireland (CBI),IE,RUJI Holdings Limited,,VG,,,,,,https://drive.google.com/file/d/1pVN7wRJeN_RLq9kjg9R6zeyLf4fQ49vk/view,,18/09/2025
Central Bank of Ireland (CBI),IE,Decentralised Machine Learning Foundation ,,CH,Decentralised Machine Learning Foundation ,,,,,https://flock-resources.s3.us-east-2.amazonaws.com/FLOCK_MiCA+Whitepaper_2025.08.21.pdf,,18/09/2025
Central Bank of Ireland (CBI),IE,Ocean Whales LLC,,US,,,,,,https://drive.google.com/file/d/1l7YxOF1ScMMxWvinyfKyR6fERLUyS25S/view,,20/08/2025
Central Bank of Ireland (CBI),IE,Auki Labs AG,,CH,,,,,,https://www.aukilabs.com/mica-white-paper,,21/08/2025
Central Bank of Ireland (CBI),IE,Yield Basis AG,,CH,,,,,,https://docs.yieldbasis.com/pdf/mica-whitepaper.pdf,,09/09/2025
Central Bank of Ireland (CBI),IE,BILLION•DOLLAR•CAT (BILLY),,PA,,,,,,https://billiondollarcat.com/mica/billy-whitepaper-v1.pdf,,23/09/2025
Central Bank of Ireland (CBI),IE,Original LLC,,VC,,,,,,https://cdn.dogs.dev/i/docs/0199168b-8c65-7ad9-9785-06176b47cb5b/files/0199168b-b6f3-7b3f-b4b2-c390342633fe/$DOGS%20White%20Paper%20-%20Aug%2018%202025.pdf ,,22/09/2025
Central Bank of Ireland (CBI),IE,Huma Token Co Ltd,,VG,,,,,,https://huma.finance/mica,,17/09/2025
Central Bank of Ireland (CBI),IE,"The Lifted Initiative, Inc.",,US,,,,,,https://manifest.network/mica-white-paper,,21/09/2025
Central Bank of Ireland (CBI),IE,"Zora Labs, Inc.",,US,,,,,,https://support.zora.co/en/articles/8192065,,26/09/2025
Central Bank of Ireland (CBI),IE,Canton Foundation,,US,,,,,,https://www.canton.network/hubfs/Canton%20Network%20Files/whitepapers/Canton%20Coin%20%20-%20MiCA%20Whitepaper.pdf,,01/11/2025
Central Bank of Ireland (CBI),IE,David Eight Pte Ltd,2549007RT2BFK16J6W70,,,,,,,https://framework.freysa.ai/overview/fai,,22/11/2024
Central Bank of Ireland (CBI),IE,Quranium Association,,CH,,,,,,https://www.quranium.org/whitepaper,,26/09/2025
Central Bank of Ireland (CBI),IE,Lit Association,,CH,,,,,,https://docs.google.com/document/d/195V2t4JFfISL63-LVLP7VhyCR3t8gMao/edit?usp=sharing&ouid=108462643111419492268&rtpof=true&sd=true,,23/09/2025
Central Bank of Ireland (CBI),IE,Casper Association,,CH,,,,,,https://cdn.prod.website-files.com/668fef77d8ac075ed5e3f57a/68da95d664a37c9e855f816d_Whitepaper%20V3%20Submission.pdf,,04/09/2025
Central Bank of Ireland (CBI),IE,USELESS MEME,,VG,,,,,,https://theuselesscoin.com/useless-whitepaper2025,,22/08/2025
Central Bank of Ireland (CBI),IE,"Infiniverse Ltd
",984500E6B0DU373E7870,VG,,,,,,https://drive.google.com/file/d/1j5An7vq08b4HFRMsZw9j1xKG8Iis2wO8/view,,12/09/2025
Central Bank of Ireland (CBI),IE,Vulti Holdings Limited,,VG,,,,,,https://docs.vultisig.com/other/micar-white-paper,,27/08/2025
Central Bank of Ireland (CBI),IE,ENABLE LTD,,,,,,,,https://chillguy.io/mica,,03/09/2025
Central Bank of Ireland (CBI),IE,Chainbase Foundation,,PA,,,,,,https://docs.chainbase.com/contributing/micar_whitepaper,,08/09/2025
Central Bank of Ireland (CBI),IE,SUKU Global,,,,,,,,http://www.suku.world/whitepaper,,09/09/2025
Central Bank of Ireland (CBI),IE,CRYPTIC DOT INC.,,,,,,,,https://docs.defituna.com/usdtuna-token/whitepaper,,10/09/2025
Central Bank of Ireland (CBI),IE,Ref Labs Ltd.,,VG,,,,,,https://guide.rhea.finance/rhea-mica-whitepaper,,10/09/2025
Central Bank of Ireland (CBI),IE,CRIPCO Pte. Ltd.,,,,,,,,https://docs.minicoin.xyz/whitepaper_a7f3e9d2-4b8c-4291-9856-1c5f7e2d8a4b.pdf,,09/09/2025
Central Bank of Ireland (CBI),IE,CapsuleX Labs Limited ,984500A86D69A648AE15,HK,,,,,,https://kyuzosfriends.com/docs/MiCA_Whitepaper_KO_Token_2025.pdf,,08/09/2025
Central Bank of Ireland (CBI),IE,Cycle Network Team,2138007WXW95L989QP22,VG,,,,,,https://www.cyclenetwork.io/micarwhritepaper.pdf,,14/09/2025
Central Bank of Ireland (CBI),IE,Anonymous Labs Ltd.,,,,,,,,https://drive.google.com/file/d/1Cueirh4lEIwxysqMM3HV0uqlqq4gbJN5/view ,,10/09/2025
Central Bank of Ireland (CBI),IE,Eterna Ltd.,9845003D98SCC2851458,VG,Payward Global Solutions LTD dba Kraken,,,,,https://www.fatewar.xyz/assets/MiCA_White_Paper_20250923.pdf,,16/09/2025
Central Bank of Ireland (CBI),IE,Moonveil Entertainment Pte. Ltd.,,SG,,,,,,https://moonveil.gg/MiCAWhitePaper,,12/09/2025
Central Bank of Ireland (CBI),IE,NAVI PROTOCOL LABS INC.,2138007WXW95L989QP22,PA,Kraken,,,,,https://naviprotocol.gitbook.io/navi-protocol-docs/introduction/white-paper,,16/09/2025
Central Bank of Ireland (CBI),IE,Catizen Limited,,,,,,,,https://docs.catizen.ai/mica/mica_whitepaper_cati_vscb74l7d_0922,,15/09/2025
Central Bank of Ireland (CBI),IE,XNAP Labs Ltd,,VG,,,,,,https://snapx-2.gitbook.io/snapx-docs/resources/mica-white-paper-xnap,,18/09/2025
Central Bank of Ireland (CBI),IE,NOTCOIN LLC,,VC,,,,,,https://not.ams3.cdn.digitaloceanspaces.com/docs/Notcoin%20White%20Paper%20-%2009%20September%202025.pdf,,18/09/2025
Central Bank of Ireland (CBI),IE,Soon Network Foundation,,PA,,,,,,https://soo.network/Soon-MiCA-Whitepaper-20250912.pdf,,18/09/2025
Central Bank of Ireland (CBI),IE,EDU (Services) Limited,,VG,,,,,,https://www.opencampus.xyz/mica-whitepaper,,18/09/2025
Central Bank of Ireland (CBI),IE,OE Services Limited,,VG,,,,,,https://foundation.openeden.com/whitepaper,,19/09/2025
Central Bank of Ireland (CBI),IE,CarbonZero Corporation,9845003D98SCC2851458,VG,,,,,,https://rizenet.io/docs/mica_whitepaper.pdf,,24/10/2025
Central Bank of Ireland (CBI),IE,"Meta Protocol, Inc",,US,"Meta Protocol, Inc",,,,,https://www.zetachain.com/micar-whitepaper.pdf,,24/10/2025
Central Bank of Ireland (CBI),IE,Punta Parana Foundation (“Initial Issuer”) DoubleZero Foundation (“Present Issuer”),,BVI,,,,,,https://doublezero.xyz/whitepaper-mica.pdf,,07/11/2025
Central Bank of Ireland (CBI),IE,Engine Foundation,,,Kraken,2138007WXW95L989QP22,,,,https://docs.hyperwavefi.xyz/references/micar-whitepaper,,29/09/2025
Central Bank of Ireland (CBI),IE,BS WORLD LIMITED,,VG,,,,,,https://babysharkuniverse.io/Babyshark_MiCAR_Whitepaper.html,,07/11/2025
Central Bank of Ireland (CBI),IE,"SaucerSwap Labs, LLC",,US,,,,,,https://www.saucerswap.finance/assets/SAUCE_MiCA_White_Paper%202025-10-01.pdf,,29/10/2025
Central Bank of Ireland (CBI),IE,Swaraj Inc.,254900AXYKJNHMTSLG88,VG,,,,,,https://rvvwhitepaper.astranova.world/,,01/11/2025
Central Bank of Ireland (CBI),IE,Chain Cross LTD,,VG,,,,,,https://portaltobitcoin.com/ptb-mica-whitepaper,,11/07/2025
Central Bank of Ireland (CBI),IE,U2U NETWORK INC,,,,,,,,https://13370880-files.gitbook.io/~/files/v0/b/gitbook-x-prod.appspot.com/o/spaces%2FkSNqP0Gff8h2fXgaMlEL%2Fuploads%2F4byvqiDGGv8onC1yS0B9%2FU2U%20Whitepaper%20(MICA).pdf?alt=media&token=a7384f79-609a-4350-a992-5ccaf0a64efe,,09/10/2025
Central Bank of Ireland (CBI),IE,"Fossil Co., Ltd.",,VG,,,,,,https://docs.scallop.io/protocol/white-paper,,16/10/2025
Central Bank of Ireland (CBI),IE,Syndicate Inc.,254900LO0686DJAWFH98,,,,,,,https://docs.syndicate.io/en/docs/synd/whitepaper,,31/10/2025
Central Bank of Ireland (CBI),IE,Aspecta Foundation,,VG,Kraken,2138007WXW95L989QP22,,,,https://docs.aspecta.ai/tokenomics/#micar-whitepaper,,04/11/2025
Central Bank of Ireland (CBI),IE,RAYLSFUSION LTD,,VG,Kraken,2138007WXW95L989QP22,,,,https://www.rayls.com/micar-whitepaper,,13/11/2025
Central Bank of Ireland (CBI),IE,HashKey Token Limited ,,SG,,,,,,https://hashkeychain.net/mica,,24/04/2025
Central Bank of Ireland (CBI),IE,Aztec Foundation,506700JRDV5Z828A9D47,CH,,,,,,https://aztec.network/b336ef30d9b609add4ea24a18a850b54d599681d39195cecb68348b6644eb,,13/11/2025
Central Bank of Ireland (CBI),IE,Turtle.Club Association,,CH,,,,,,https://docs.turtle.xyz/resources/whitepapers,,30/10/2025
Central Bank of Ireland (CBI),IE,Carry Protocol Limited,,VG,,,,,,https://github.com/GameBuildOffical/docs/blob/main/WhitePaper.pdf,,15/10/2025
Central Bank of Ireland (CBI),IE,Parallel Execution Foundation,,PA,,,,,,https://fractalbitcoin.io/s/Fractal_Bitcoin_MiCAR_WP_Final.pdf,,06/11/2025
Central Bank of Ireland (CBI),IE,Meteora Comet Limited,,VG,,,,,,https://docs.meteora.ag/legal/mica,,12/11/2025
Central Bank of Ireland (CBI),IE,DOVU Global Ltd,98450089CC0DA95C2C44,,,,,,,https://dovu.earth/wp-content/uploads/2025/09/MiCA-White-Paper-2025_09_11-v1.0.pdf,,21/11/2025
Central Bank of Ireland (CBI),IE,IoTeX Ltd.,254900UDWZIIM8H6CE55 ,VG,Payward Global Solutions Ltd. (Kraken),9845003D98SCC2851458,,,,https://cdn.iotex.io/whitepaper/iotex_whitepaper_eu.pdf,,21/11/2025
Central Bank of Ireland (CBI),IE,Kairox Lab Ltd. ,,,Kraken,2138007WXW95L989QP22,,,,https://docs.freestyle-classic.com/whitepaper/,,21/11/2025
Central Bank of Ireland (CBI),IE,Metis Labs Inc,,PA,,,,,,https://metis.foundation/micar-white-paper,,21/11/2025
Central Bank of Ireland (CBI),IE,Mirror World Foundation,,PA,OKCOIN EUROPE LTD,54930069NLWEIGLHXU42,,,,http://sonic-whitepaper.sonicsvm.org/,,21/11/2025
Central Bank of Ireland (CBI),IE,Open Loot Holdings Ltd.,,VG,,,,,,https://about.openloot.com/mica-ol-whitepaper,,21/11/2025
Central Bank of Ireland (CBI),IE,Time and Space Ltd.,,KY,,,,,,https://www.bigtime.gg/mica-bigtime-whitepaper,,29/10/2025
Central Bank of Ireland (CBI),IE,Opulous Songs Ltd dba Opulous,,VG,Payward Global Solutions LTD dba Kraken,9845003D98SCC2851458,,,,https://opulous.org/wp,,22/10/2025
Central Bank of Ireland (CBI),IE,BTC OS LIMITED,,VG,Payward Global Solutions Limited ('Kraken'),9845003D98SCC2851458,,,,https://a.storyblok.com/f/343174/x/33d8e92e07/mica-whitepaper.pdf,,28/10/2025
Central Bank of Ireland (CBI),IE,Peaq Network Ltd.,,VG,,,,,,https://www.peaq.xyz/legal/mica-whitepaper,,23/10/2025
Central Bank of Ireland (CBI),IE,HAEDAL TECHNOLOGY LIMITED,,VG,,,,,,https://haedalprotocol.notion.site/Haedal-Mica-Whitepaper-29a2da8cc1a0808e8ebdff50e89792b9,,30/10/2025
Central Bank of Ireland (CBI),IE,TBOOK Limited,,,,,,,,https://www.tbook.com/tbookmicarwhitepaper,,10/11/2025
Central Bank of Ireland (CBI),IE,Safe Ecosystem Foundation,,CH,,,,,,https://safefoundation.org,,31/10/2025
Central Bank of Ireland (CBI),IE,Capybobo Limited,,,,,,,,https://drive.google.com/file/d/1c1gQmDWQ9sVE1NCqc9OeUX5Y9HjKUE0c/view?usp=sharing,,04/11/2025
Central Bank of Ireland (CBI),IE,S2MA Capital Limited,,VG,,,,,,https://www.oobit.com/mica-whitepaper,,03/11/2025
Central Bank of Ireland (CBI),IE,ECOMI Technology PTE. LTD.,,SG,,,,,,https://cdn.prod.website-files.com/5b2d01fcffc73ee019363d55/690a4630ff6e574ed7c3f43d_Mica_Whitepaper_ECOMI_OMI.pdf,,04/11/2025
Central Bank of Ireland (CBI),IE,NodeLas Labs Limited,,VG,,,,,,https://nodeops.network/eu-assets-whitepaper,,03/11/2025
Central Bank of Ireland (CBI),IE,Kaia DLT Foundation,,AE,,,,,,https://docs.kaia.io/files/MiCA_whitepaper_final_kaia_v1.0.pdf,,07/11/2025
Central Bank of Ireland (CBI),IE,ME Foundation,,,,,,,,https://blog.mefoundation.com/blog/me-mica-white-paper/,,07/11/2025
Central Bank of Ireland (CBI),IE,"World Liberty Financial, Inc.",,,,,,,,https://www.assisterr.ai/whitepaper ,,04/11/2025
Central Bank of Ireland (CBI),IE,"World Liberty Financial, Inc.",,US,,,,,,https://static.worldlibertyfinancial.com/docs/mica-whitepaper.pdf,,31/10/2025
Central Bank of Ireland (CBI),IE,Catze Labs CORP.,,KR,,,,,,https://cyber-galz.gitbook.io/yooldo-whitepaper ,,23/10/2025
Central Bank of Ireland (CBI),IE,Zama Switzerland AG,,,,,,,,https://docs.zama.ai/protocol/mica,,14/11/2025
Central Bank of Ireland (CBI),IE,Pieverse Collective Limited,,KY,,,,,,https://www.pieverse.io/mica-whitepaper,,26/11/2025
Central Bank of Ireland (CBI),IE,Monad Foundation ,,VG,,,,,,https://www.monad.xyz/mica-white-paper.pdf,,17/11/2025
Central Bank of Ireland (CBI),IE,HSTW PTE. LTD.,,0,,,,,,https://docs.holdstation.com/holdstation/micar-white-paper/micar-whitepaper,,14/11/2025
Central Bank of Ireland (CBI),IE,TX Issuer Ltd,,0,,,,,,http://tx.org/WP-MICA,,15/12/2025
Central Bank of Ireland (CBI),IE,Yellow Token,,,,,,,,https://docs.yellow.org/assets/YELLOW_MiCA_White_Paper_v.1.2.pdf,,21/02/2022
Central Bank of Ireland (CBI),IE,FUN,,,,,,,,https://docs.sport.fun/usdfun-token/mica-whitepaper,,08/12/2025
Central Bank of Ireland (CBI),IE,GOATED,,0,,,,,,https://www.goat.network/micar-white-paper,,17/12/2025
Central Bank of Ireland (CBI),IE,Keeta,,0,,,,,,https://keeta.com/MiCA_Whitepaper.pdf,,19/12/2025
Central Bank of Ireland (CBI),IE,$ROAM,,0,,,,,,https://weroam.xyz/roam_micar_whitepaper,,08/12/2025
Central Bank of Ireland (CBI),IE,ATH,,0,,,,,,https://docs.aethir.com/whitepaper,,24/12/2025
Central Bank of Ireland (CBI),IE,"Pattern Engine, Inc.",2549009CLFQGJKN73G60,n/a,,,,,,https://shape.network/mica,,13/10/2025
Central Bank of Ireland (CBI),IE,Zircuit Foundation,,,,,,,,https://static.zircuit.com/docs/CLEAN_MiCA_Whitepaper_Zircuit_Admission_to_Trading_(ID3343077).pdf,,09/02/2026
Central Bank of Ireland (CBI),IE,MAP Protocol Foundation,,PA,Payward Global Solutions LTD dba Kraken,9845003D98SCC2851458,,,,https://files.mapprotocol.io/pdf/mapo_micar_whitepaper_2025.pdf,,09/02/2026
Central Bank of Ireland (CBI),IE,Sentient Foundation,,,,,,,,https://sentient.foundation/whitepaper ,,09/02/2026
Central Bank of Ireland (CBI),IE,Tra labs Inc.,,PA,,,,,,https://www.trustalabs.ai/micar-whitepaper,,09/02/2026
Central Bank of Ireland (CBI),IE,Superform (BVI) Ltd.,,VG,,,,,,https://www.superformfoundation.org/mica-whitepaper,,09/02/2026
Central Bank of Ireland (CBI),IE,Polymesh Labs Ltd.,,KY,,,,,,https://assets.polymesh.network/micar-whitepaper.pdf ,,09/02/2026
Central Bank of Ireland (CBI),IE,Ethena OpCo Ltd.,,VG,,,,,,https://gov.ethenafoundation.com/t/publication-of-micar-compliant-white-paper-for-the-ena-token/728,,09/02/2026
Central Bank of Ireland (CBI),IE,Karrat Foundation,,KY,,,,,,https://whitepaper.karratcoin.com/,,09/02/2026
Central Bank of Ireland (CBI),IE,Morph Organisation Limited,,KY,,,,,,https://www.morphl2.io/tokenomics,,09/02/2026
Central Bank of Ireland (CBI),IE,XPIN Network International Limited,,VG,Kraken,2138007WXW95L989QP22,,,,https://xpin.network/whitepaper.xhtml,,09/02/2026
Central Bank of Ireland (CBI),IE,Liquidium Inc.,,PA,Payward Global Solutions LTD,9845003D98SCC2851458,,,,https://liquidium.org/mica-whitepaper-liq-2025-12-03.pdf,,09/02/2026
Central Bank of Ireland (CBI),IE,"Liberty Games Switzerland AG
",,CH,Kraken,2138007WXW95L989QP22,,,,https://www.sixrtoken.com/docs/mica-whitepaper.pdf,,09/02/2026
Central Bank of Ireland (CBI),IE,ADI DLT Foundation,,,Payward Global Solutions Ltd. (Kraken),,,,,https://docs.adi.foundation/whitepaper,,09/02/2026
Central Bank of Ireland (CBI),IE,Image Flame Limited ,,,,,,,,https://sto.ultiverse.io/files/Ultiverse_MiCA_filled_v5.pdf,,03/11/2025
Central Bank of Ireland (CBI),IE,Xyra Labs Limited,,VG,Kraken,2138007WXW95L989QP22,,,,https://docs.xyralabs.io/getting-started/quickstart/xyra-micar-whitepaper,,07/11/2025
Central Bank of Ireland (CBI),IE,Phoenix Labs Holdings Limited,,VG,Payward Global Solutions LTD dba Kraken.,9845003D98SCC2851458,,,,https://www.consumerfi.ai/whitepaper,,04/12/2025
Central Bank of Ireland (CBI),IE,MiCA Crypto Alliance Opco Limited,,,,,,,,http://www.micacryptoalliance.com/reports/lion-mica-white-paper,,08/12/2025
Central Bank of Ireland (CBI),IE,Diamante Financial Technologies LLC,,AE,,,,,,https://diamante.gitbook.io/diamante-docs/diamante-white-papers/diam-mica-white-paper-1,,11/12/2025
Central Bank of Ireland (CBI),IE,Aethir Network Foundation Company,,AE,,,,,,https://docs.aethir.com/whitepaper,,12/12/2025
Central Bank of Ireland (CBI),IE,Rails ServicesCo (BVI) Ltd.,,,,,,,,https://rails.xyz/mica-whitepaper,,12/12/2025
Central Bank of Ireland (CBI),IE,Relentless Security Limited,,VG,Payward Global Solutions Ltd. (Kraken),9845003D98SCC2851458,,,,https://docs.immunefi.foundation,,14/12/2025
Central Bank of Ireland (CBI),IE,Bedrock Limited,,GG,,,,,,https://mica-white-paper.bedrockdao.com/MICA-White-Paper.pdf,,15/12/2025
Central Bank of Ireland (CBI),IE,Foxsy AI Foundation,,CYM,Payward Global Solutions LTD dba Kraken.,9845003D98SCC2851458,,,,https://whitepaper.foxsy.ai/,,15/12/2025
Central Bank of Ireland (CBI),IE,Sempiternal Autarky SubCo. Ltd.,,VG,,,,,,https://infinex.xyz/legals/inx-whitepaper,,16/12/2025
Central Bank of Ireland (CBI),IE,IFCONNECT TECHNOLOGY LIMITED,,SC,,,,,,https://paper.zkpass.org/mica.pdf,,17/12/2025
Central Bank of Ireland (CBI),IE,Velo Labs Technology Ltd.,,,Payward Global Solutions LTD,9845003D98SCC2851458,,,,https://cdn.prod.website-files.com/68493039e2b5f55f7a512cee/694250bf68109f26d0ada242_VELO%20MiCAR%20White%20Paper-V1.0.pdf,,18/12/2025
Central Bank of Ireland (CBI),IE,TechVista Network AG,,CH,,,,,,https://whitepaper.seraph.game/mica-whitepaper,,19/12/2025
Central Bank of Ireland (CBI),IE,LQD Labs Holdings Ltd.,,VG,,,,,,https://rollx-docs.gitbook.io/rollx/rollx-v2/micar-white-paper,,19/12/2025
Central Bank of Ireland (CBI),IE,UTXO International LLC,,VC,Lynokor Sp. z o.o.(VASP),,,,,https://miltoken.io/assets/MIL_Token_MiCAR_WhitePaper.pdf,,19/12/2025
Central Bank of Ireland (CBI),IE,Hub Development Foundation,,PA,,,,,,https://sidekick-protocol.gitbook.io/sidekick/mica/mica-whitepaper,,22/12/2025
Central Bank of Ireland (CBI),IE,Nitrility Inc.,,US,,,,,,www.kled.com/whitepaper,,22/12/2025
Central Bank of Ireland (CBI),IE,Makina (BVI) Ltd.,,VG,,,,,,https://makina.finance/legal,,22/12/2025
Central Bank of Ireland (CBI),IE,MINSWAP DAO LLC,,MH,,,,,,https://minswap.org/micar-whitepaper.pdf,,22/12/2025
Central Bank of Ireland (CBI),IE,Bionic Tech (BVI) Ltd.,,VG,,,,,, https://docs.ariaprotocol.xyz/usdariaip/introducing-usdariaip/legal-and-compliance,,16/12/2025
Central Bank of Ireland (CBI),IE,Reya Group Holdings Ltd,,VG,,2138007WXW95L989QP22,,,,https://reya.xyz/micar-whitepaper,,26/01/2026
Central Bank of Ireland (CBI),IE,APEX DAO INC.,,PA,,,,,,apex.exchange/whitepaper,,19/12/2025
Central Bank of Ireland (CBI),IE,RaveDAO Ltd.,,VG,Kraken,2138007WXW95L989QP22,,,,https://ravedao.github.io/rave-xhtml/,notified pre-23/12,10/02/2026
Central Bank of Ireland (CBI),IE,The Foundation for Anyone ,,,Payward Global Solutions LTD,9845003D98SCC2851458,,,,https://anyone.io/mica-whitepaper ,notified pre-23/12,10/02/2026
Central Bank of Ireland (CBI),IE,Elsa AI Ltd,,VG,,,,2M8TP357G,2M8TP357G,https://docs.heyelsa.ai/heyelsa-mica-whitepaper,,10/02/2026
Central Bank of Ireland (CBI),IE,Fight Tech Ltd,,,,,,,,https://read.fight.foundation/links/,,13/02/2026
Central Bank of Ireland (CBI),IE,MEX Group Worldwide Limited,5493009NUX4N2MIOT662,HK,,,,2HNNQLG24,54930WJPR, https://token.multibankgroup.com/en,,20/02/2026
Central Bank of Ireland (CBI),IE,Telcoin Association ,5067005DH2B5Z9W29038,CH,Payward Global Solutions LTD,9845003D98SCC2851458,,Q95MMRGRC,VJVXNCJH1,https://www.telcoin.org/legal/mica-white-paper.xhtml; accessible via: https://www.telcoin.org/documentation/telcoin-platform/telcoin-tel-token,,20/02/2026
Central Bank of Ireland (CBI),IE,Lava Company Limited,,,,,,,,https://www.lavanet.xyz/mica-whitepaper ,,27/02/2026
Central Bank of Ireland (CBI),IE,Reya Group Holdings Ltd,,VG,,,,,,https://reya.xyz/micar-whitepaper,Art.12 Mod,27/02/2026
Central Bank of Ireland (CBI),IE,"Mirai Research Limited
",,VG,Kraken,2138007WXW95L989QP22,,,,https://aio-micar-whitepaper.olaxbt.xyz/,,27/02/2026
Central Bank of Ireland (CBI),IE,Beamable (BVI) Ltd.,,,Payward Global Solutions LTD,9845003D98SCC2851458,,,QR109MV7F,https://beamable.network/bmb-token/,,27/02/2026
Central Bank of Ireland (CBI),IE,iDOS Association,,CH,,,,,,https://www.idos.network/blog/token-legal-white-paper ,,06/03/2026
Central Bank of Ireland (CBI),IE,FLK (BVI) Ltd.,,VG,,,,,,https://learn.fleek.xyz/flk/tokenomics,,06/03/2026
Central Bank of Ireland (CBI),IE,"Solana Mobile, Inc.",,US,,9845003D98SCC2851458,,,,https://solanamobile.com/mica_whitepaper,,06/03/2026
Central Bank of Ireland (CBI),IE,Ether.Fi Foundation,,KY,,,,RJTJR45MC,9GGBS7NSH,https://www.cairnspoint.com/whitepapers/ETHFI.xhtml,,06/03/2026
Central Bank of Ireland (CBI),IE,Titan Labs Limited,529900E9GA8R99VOHV41,VG,,,,R2MQ3JKN7,M6NN5BKGW,https://www.edel.finance/micar-whitepaper,,06/03/2026
Central Bank of Ireland (CBI),IE,Future Energy Global AG,98450028A8870637V290,CH,,,,,,https://growtokens.io/docs/future-energy-global-ag-whitepaper.xhtml,,06/03/2026
Central Bank of Ireland (CBI),IE,Drop Table Capital Ltd.,984500BBCE61B07M8E25,VG,,,,,9DDKPFN21,https://public.inferencelabs.com/VERFI_WhitePaper.xhtml,,06/03/2026
Central Bank of Ireland (CBI),IE,idOS Association,,CH,,,,,,https://www.idos.network/blog/idos-token-legal-white-paper-public-sale,,06/03/2026
Central Bank of Ireland (CBI),IE,GIB.CHAT PTY LTD,,AU,,"Payward Global Solutions Limited, (trading as “Kraken”)",9845003D98SCC2851458,638H37B26,QJVQZ43NG,https://drive.proton.me/urls/1747JKE1NC#WOrdWwdi7UnE,,13/03/2026
Central Bank of Ireland (CBI),IE,Resolv Digital Assets Ltd.,,,,,,7K8C637XB,50HC509TX,https://resolv.xyz/mica-whitepaper,,13/03/2026
Central Bank of Ireland (CBI),IE,KulaDAO Foundation Limited,,KY,,,,7DFJZPHN1,,https://cdn.prod.website-files.com/67cd88c9c7cb5a25c8bf89be/6998496139debbabce1f2aa0_Kula%20__%20MiCA%20White%20Paper.pdf,,16/12/2025
Central Bank of Ireland (CBI),IE,ALLORA FOUNDATION,,KY,,,,6V2VLBJV9,4K443Q4XJ,https://research.assets.allora.network/allora.mica,,18/02/2026
Central Bank of Ireland (CBI),IE,Hexagon Foundation Ltd.,,KY,,Kraken (Payward Global Solution Ltd),,GTNVTB4NZ,80WW80VFV,https://wingbits.com/assets/documents/wingbits-white-paper.pdf?_gl=1*6dyayj*_up*MQ..*_ga*MjAxOTA3NjgwMC4xNzc0MDE3OTE4*_ga_WM2P6S7YY0*czE3NzQwMTc5MTgkbzEkZzAkdDE3NzQwMTc5MTgkajYwJGwwJGgw,,15/04/2026
Central Bank of Ireland (CBI),IE,Birbish Limited,,,,,,1KKFQGVKX,1KKFQGVKX,https://moonbirds.com/mica,,20/01/2026
Central Bank of Ireland (CBI),IE,DuckChain Foundation,254900D14600EDO8T480,KY,Kraken,2138007WXW95L989QP22,,,QBZLT5MT1,https://duckchain.io/micar/DuckChain_MiCAR_WP.html,,27/03/2026
Central Bank of Ireland (CBI),IE,PepeCoin Co.,254900163QKSOGOKOY29,US,,,,5DF819BDX,4CJ98ZNW0,https://www.pepecoin.io/mica/pepecoin-mica-whitepaper.xhtml,,27/03/2026
Central Bank of Ireland (CBI),IE,ETHGas Ltd.,,,,,,ZZGXDPXH7,XDG7XHTR8,https://www.ethgas.com/mica-whitepaper,,27/03/2026
Central Bank of Ireland (CBI),IE,Tea Association ,,CH,,,,,1JFCB0LZZ,https://docs.tea.xyz/staging/qovCbhhrNAC2BmXR97Rg/tea-network-micar-whitepaper   ,,27/03/2026
Central Bank of Ireland (CBI),IE,Beldex International Foundation,,,,,,,2ZJBB38FG,https://www.beldex.io/BDX_MiCA_Whitepaper.xhtml,,10/04/2026
Central Bank of Ireland (CBI),IE,VX Eight Ltd.,254900RWTDSC60D9X877,KY,Payward Global Solutions LTD,9845003D98SCC2851458,,WHQFGSLKG|LBKKLJBRV|L6HVL712T|ZR801RX38,MBGFTKZJ0,https://vibe.infiniteuniverse.xyz/MiCAWhitepaper.xhtml,,10/04/2026
Central Bank of Ireland (CBI),IE,VeChain Foundation San Marino S.R.L.,5299001UWKNB61VZCT67,SM,,,,,NBQPNFDX4,https://files.vebetter.com/vebetterdaocontainer/B3TR-White-Paper-MICAR.pdf,Art.12 Mod,10/04/2026
Central Bank of Ireland (CBI),IE,Luminary Digital Ltd,,VG,,,,69KR7GFFC,C6QGXBH5J,https://cdn.prod.website-files.com/69b1cc4ec2add76ed52e5bb2/69b1cc4ec2add76ed52e6381_3aa93988804faabf596e8e5541f55819_LumiTokenWP.pdf ,,10/04/2026
Central Bank of Ireland (CBI),IE,Reppo Foundation,984500546D79A915B867,KY,,,,WLTC7T1M9,GP4JFZ672,https://reppo-labs-xyz.gitbook.io/reppo-labs/whitepaper,,10/04/2026
Central Bank of Ireland (CBI),IE,Bluefin Holdings Limited,875500XKXBH00HN3PX04,VG,,,,ZLD7N9J5W,FWSPQDBXB,http://bluefin.io/foundation/mica-whitepaper,,10/04/2026
Central Bank of Ireland (CBI),IE,Amnis AI Inc.,,PA,,,,28RJR2ZB7,DRQPDWVXJ,https://docs.amnis.finance/mica,,10/04/2026
Central Bank of Ireland (CBI),IE,SYNAPSE LABS INC,,PA,,,,FHQ1V6GXX,NH42BXFS2,https://docs.into.space/en/resources/micar-whitepaper ,,10/04/2026
Central Bank of Ireland (CBI),IE,Rain Foundation,,PA,,,,,GNQVV02PS,https://whitepaper.rain.one/,,17/04/2026
Central Bank of Ireland (CBI),IE,NESA LABS INC,25490098PJ231ERN6R07,PA,,,,W7HTSC136,JGNSV5GR8,https://nesa.ai/micar-whitepaper ,,17/04/2026
Central Bank of Ireland (CBI),IE,edgeX DAO Limited,,,Payward Global Solutions Ltd.,9845003D98SCC2851458,,,,https://www.edgex.exchange/mica_whitepaper,,17/04/2026
Central Bank of Ireland (CBI),IE,Neo Global Development Ltd,,,Payward Global Solutions LTD,9845003D98SCC2851458,,N2FWML4CL,,https://x.neo.org/mica/neo-whitepaper,,01/11/2025
Central Bank of Ireland (CBI),IE,Neo Global Development Ltd,,,Payward Global Solutions LTD,9845003D98SCC2851458,,H8NP4QLFK,,https://x.neo.org/mica/gas-whitepaper,,01/11/2025
Central Bank of Ireland (CBI),IE,MiCA Crypto Alliance Opco Limited,,VG,,,,QW6T8C2WG,,http://www.micacryptoalliance.com/reports/lion-mica-white-paper,"Art.12 Mod, notified 8/12/25",08/01/2026
Central Bank of Ireland (CBI),IE,Paimon Limited,,VG,,,,HF62H4ZBJ,"P2SFF0SK8, R2J0BQ5W7",https://paimon-finance.gitbook.io/paimon.finance/,,07/05/2026
Central Bank of Ireland (CBI),IE,Conflux Foundation,,PA,,,,2K9VS42WV,"3ZW8R4HSD, RTLD61D5C",https://doc.confluxnetwork.org/files/micawhitepaper,,27/04/2026
Central Bank of Ireland (CBI),IE,NATGOLD INTEGRITY VAULT LLC,,US,,,,RZF8Q6GLN,VNVWKPZTZ,https://natgold.com/mica-whitepaper,,07/05/2026
Central Bank of Ireland (CBI),IE,Beezie Labs Ltd.,,VG,,,,PGZKJT770,WCQ2ZW7FN,https://beezie.io/,,04/05/2026
Central Bank of Ireland (CBI),IE,IO TRADE LAB LIMITED,,GB,,,,KS4PZL3ZV,MWMGJ5CHL,https://iotrader.io/whitepaper.html,,15/06/2026
Central Bank of Ireland (CBI),IE,Pepecoin LLC,,US,,,,M2HDQ5QB5,35SQX3ZLF,https://pepecoin.com/mica-whitepaper.xhtml,,08/05/2026
Central Bank of Ireland (CBI),IE,AVA Holdings (BVI) Ltd,,VG,,,,L5W9562HZ,WBDR40MZJ | VK2LFFJB3| RHDB0VHNP,https://www.avafoundation.org/ava-mica-whitepaper/,,12/05/2026
Central Bank of Ireland (CBI),IE,Hyperlend Inc.,,PA,,,,VJ0L7N45M,VJ0L7N45M,https://hyperlend.finance/WhitePaper-%7BHPL%7D-%7BHyperlend%20Inc.%7D-%7BPA%7D-260413154439-en.xhtml,,13/05/2026
Central Bank of Ireland (CBI),IE,Sustainable Digital Solutions Limited,9845007BB086A966CC97,,,,,8QHVDC6GT,GMPJV4G7M,https://www.sustainablebtc.org/legal/mica-whitepaper,,22/05/2026
Central Bank of Ireland (CBI),IE,"Ekubo, Inc.",2549009AQIN4JCD69339,,,,,PWQLV0N8Q,"Ethereum- 51CGHRW1R, Starknet - VDMKQ209V",https://ekubo.org/WhitePaper-EKUBO-en.xhtml ,,22/05/2026
Central Bank of Ireland (CBI),IE,MantleLSP Limited,,VG,,,,VSK737T5N,37ZLSZGK1,methprotocol.xyz/mica-whitepaper,,22/05/2026
Central Bank of Ireland (CBI),IE,MantleLSP Limited,,VG,,,,VSK737T5N,X0KHQHP33,methprotocol.xyz/mica-whitepaper,,22/05/2026
Central Bank of Ireland (CBI),IE,Visionare Capital AG,,CH,,,,DMZM71HSD,J0HGW2Q0X,MYNEbrowser.ai/legal,,22/05/2026
Central Bank of Ireland (CBI),IE,DGrid AI Labs Limited,894500XO2J0DEKILQH68,VG,,,,380Q5LT4C,SDJ2JX602,https://static.dgrid.ai/micar-whitepaper,,29/05/2026
Central Bank of Ireland (CBI),IE,Citrea Foundation,254900T0HLMVVMP7AF45,VG,,,,M3JKQ6D1X,87R3F36H3,https://citrea.xyz/mica/v1-whitepaper,,29/05/2026
Central Bank of Ireland (CBI),IE,Safe Ecosystem Foundation,,CH,,,,GLNXBZWH5,VQQNZSQ1H,https://safefoundation.org/mica-whitepaper ,Art.12 Mod,09/06/2026
Central Bank of Ireland (CBI),IE,"Spirit Protocol Labs, Inc.",984500D5C71F1B09UD05,,,,,WL4J85L3V,w41gmpv2z,https://spiritprotocol.io/mica-whitepaper.xhtml,,09/06/2026
Central Bank of Ireland (CBI),IE,Morph Organisation Limited,254900SJUY8QM6AB2O69,,,,,6C8D688HQ,"28LDQWJDT, J04F1K9H3",https://morph.network/micar-whitepaper.pdf,Art.12 Mod,09/06/2026
Central Bank of Ireland (CBI),IE,MANTRA Chain Association,,,Payward Global Solutions Limited (Kraken),9845003D98SCC2851458,,11B60HRDS,BTV0D00Z6,https://mantrachain.io/whitepaper/,,19/06/2026
Central Bank of Ireland (CBI),IE,Cheqd Foundation Limited,254900JJPRIV008Q7D28,SG,KuCoin EU Exchange,529900B4G0EGK7Z9KT45,,HZNZ1PR6D,1P50MSVXL,https://cheqd.io/legal/mica-whitepaper,,19/06/2026
Central Bank of Ireland (CBI),IE,"OPTION TECHNOLOGIES SOLUTIONS INTERNATIONAL, LLC",2549002CK9EZ6CCOO591,US,,,,QSJH64H1S,NCB292QHK | V4BQMKKS2,https://www.liquidmercury.com/micar-whitepaper,,19/06/2026
Central Bank of Ireland (CBI),IE,Superp Foundation,,KY,,9845003D98SCC2851458,,PTTNT10VG,8VNBZ7XFK,: https://www.superp.xyz/whitepaper,,26/06/2026
Central Bank of Ireland (CBI),IE,Resilience Core Ltd.,2549004WYGE5MQ16JH36,VG,,,,9DDKPFN21,WJPPZB1R0,https://re.xyz/docs/re-iXBRL-report.html,,26/06/2026
Central Bank of Ireland (CBI),IE,Axon Tech Ltd.,,VG,Payward Global Solutions Ltd. (Kraken),9845003D98SCC2851458,,FM177HHTC,SKPS90GQB,https://paper.chainopera.ai,,03/07/2026
Central Bank of Ireland (CBI),IE,ICON Foundation,,CH,,,,381BX0FRL,WCWG3WXP9,https://www.icon.foundation/publications/soda-mica-whitepaper/soda-mica-whitepaper-3532007.xhtml,,03/07/2026
Central Bank of Ireland (CBI),IE,Wojak CTO LLC,,US,,,,DDT9TCHLN,6GF6DF92W,https://wojakcto.com/whitepaper,,03/07/2026
Central Bank of Ireland (CBI),IE,Grove (BVI) Ltd.,,VG,,,,548L4MHM8,CKS2SK39N,grove.micarwhitepapers.eu,,03/07/2026
Central Bank of Ireland (CBI),IE,VerifiedX LLC,254900AA88L2W6K01S70,US,,,,VN4VFQXPX,WD1MG863T,https://docs.verifiedx.io/docs/documents/mica-whitepaper,,14/07/2026
Central Bank of Ireland (CBI),IE,EarthX Ltd,254900GJ530X73AT8B15,,,,,2M4R8SDN1,PXT451VVG,https://docs.o1.exchange/token/mica-whitepaper,,14/07/2026
Central Bank of Ireland (CBI),IE,RWAX Holdings Limited,9845008D5G08E06ABB83,VG,,,,22JQ1X7ZM,CQTL5Q7DL,https://multipli.fi/legal/micapaper,,14/07/2026
Central Bank of Ireland (CBI),IE,Stronghold Anchor Limited,98450048H6AD5N7F6G53,NZ,,,,Z9XPPVGGK,K2LHPC5CT | BCN5KZ91K | 2RKRC4B02 | 1136CLSDN | 96TJWLQP8,https://stronghold.co/shx-mica-whitepaper.pdf,,24/07/2026
Central Bank of Ireland (CBI),IE,"Bitcoin HT, LLC",,,Payward Global Solutions Limited (Kraken),9845003D98SCC2851458,,G623SB2VS,QJJ02KRR0,https://bitcoin.org.ht/mica-white-paper/,,24/07/2026
Central Bank of Ireland (CBI),IE,Fanpla Inc,984500F68JAC0E5AD984 (Fanpla AG); 98450012D8B870C36E68 (Fanpla Inc.),CH,,,,L3QNGH6ZR,MHFBDSZTS,https://fanpla.ch/whitepaper/,,24/07/2026
Central Bank of Ireland (CBI),IE,Discovery (BVI) Limited,,VG,,,,F17SF6JFV,PHZSW7KXG,dscvr.one/whitepaper,,24/07/2026
Central Bank of Ireland (CBI),IE,StorX Foundation,529900DJM8DMVXC56343,SC,,,,M7B5KL63K,D5T21L0HT,https://storx.tech/pdf/MICA-Whitepaper/,,24/07/2026
Central Bank of Ireland (CBI),IE,Cygnus Information Limited,25490042I90M0EGQ0T03,VG,,,,4HDN9HKCJ,Q78G3P6CP,https://www.cygnus.finance/micar-whitepaper,,24/07/2026
Central Bank of Ireland (CBI),IE,SLX Ltd,2549006KZ9NV4EYS4H81,VG,,,,2VWW2099J,S6PKQMKSC,https://assets.solstice.finance/mica/Solstice_MiCA_Whitepaper.xhtml,,30/07/2026
Central Bank of Ireland (CBI),IE,Rails ServicesCo (BVI) Ltd.,,,,,,FBT24PNBJ,,https://rails.xyz/mica-whitepaper,,30/07/2026
Central Bank of Ireland (CBI),IE,Polaris Wallet Ltd.,,HK,,,,LL79768JW,"4R1XQVB32, LFFLZ1D3N",https://oss.antapi1.com/assets/AntFun_MiCAR_Whitepaper.xhtml,,30/07/2026
Central Bank of Ireland (CBI),IE,SLX Ltd,2549006KZ9NV4EYS4H81,VG,,,,2VWW2099J,S6PKQMKSC,https://storage.googleapis.com/dapp_prod_v2/mica/Solstice_MiCa_Whitepaper.xhtml,Art.12 Mod,30/07/2026
Central Bank of Ireland (CBI),IE,Fort Limited,254900DKB8E8Z59ONQ39,VG,,,,FTB0X3SC0,L9LFLSS9P,https://gencyai.io/MiCAR_Whitepaper.html,,30/07/2026
Central Bank of Ireland (CBI),IE,Fraction AI Foundation,254900LUVIZ5UXOK9Q42,KY,,,,X8N2P21SN,K4SR93808,https://fractionai.xyz/MICAwhitepaper,,07/08/2026
Central Bank of Ireland (CBI),IE,MetaDAO LLC ,254900XHQIYLONV5P484,MH,,,,BQ53DH590,JTCV65M2F,https://docs.metadao.fi/mica,,07/08/2026
Central Bank of Ireland (CBI),IE,Unipay Labs Limited,8755001I0N7CML4A3B92,VG,,,,2VSMFNZ8C,8ZND66XKV| SS0611KRW| T3RPG0R74,https://unitas.so/micar-whitepaper,,07/08/2026
Central Bank of Ireland (CBI),IE,Polaris Wallet Ltd.,,HK,,,,LL79768JW,"4R1XQVB32, LFFLZ1D3N",https://ant.fun/files/ANTFUN-MiCAR-Whitepaper.pdf,,07/08/2026
Central Bank of Ireland (CBI),IE,VERA POWER LTD,,VG,Payward Global Solutions Ltd. (Kraken),9845003D98SCC2851458,,8X6CC2M83,6Z5Q30WQC,https://www.upsmartytoken.com/whitepaper,,14/08/2026
Central Bank of Ireland (CBI),IE,OGF (BVI) Ltd.,,VG,,,,VWT6QCPHM,WLNJZD6PX,https://contents.crosstoken.io/white-paper/260713_WhitePaper_ONE_Token_OGF_BVI_Ltd_VG_EN_ID_3557280.xhtml,,14/08/2026
Central Bank of Ireland (CBI),IE,DAWN Foundation,9845006AE39E8473AE22,KY,,,,6KJBFS0GP,RPD4J4HF4,http://dawninternet.com/micawhitepaper,,14/08/2026
Commissione Nazionale per le Societa e la Borsa (CONSOB),IT,Camino Network Foundation ,,CH,,,,,,https://camino.network/static/docs/Camino_Network_Whitepaper.pdf#view=fit,,12/03/2025
Commissione Nazionale per le Societa e la Borsa (CONSOB),IT,Poseidon 133 PTE. LTD,,SG,,,,,,https://gunzillagames.com/en/about/,,18/06/2025
Commissione Nazionale per le Societa e la Borsa (CONSOB),IT,RIVER ERIDANUS ASSOCIATION,,CH,,,,,, https://www.towns.com/mica-whitepaper.pdf,,22/07/2025
Commissione Nazionale per le Societa e la Borsa (CONSOB),IT,Kite AI Ltd.,,VG,,,,,,https://gokite.ai/whitepaper,,24/10/2025
Commissione Nazionale per le Societa e la Borsa (CONSOB),IT,Popology Limited,,VG,,,,,,popologynetworks.com/white-paper,,14/11/2025
Commissione Nazionale per le Societa e la Borsa (CONSOB),IT,Digital Energy S.r.l.,8156009799D757EA3557,IT,,,AT | BE | BG | CY | CZ | DE | DK | EE | ES | FI | FR | GR | HR | HU | IE | IS | IT | LI | LT | LU | LV | MT | NL | NO | PL | PT | RO | SE | SI | SK,,KXJKPKMPK,https://www.dgtenergy.it/whitepaper_gest/,,06/03/2026
Commissione Nazionale per le Societa e la Borsa (CONSOB),IT,Conio S.r.l.,8945000EH59XYZHK0B92,IT,Conio S.r.l.,8945000EH59XYZHK0B92,IT,QSLFWW8TL,,https://ebitts.conio.com/static/ebitts-whitepaper.pdf,,09/04/2026
Commissione Nazionale per le Societa e la Borsa (CONSOB),IT,Young Platform S.p.A.,815600F1E30AAB016171,IT,Young Platform S.p.A.,815600F1E30AAB016171,AT | BE | BG | CY | CZ | DE | DK | EE | ES | FI | FR | GR | HR | HU | IE | IT | LT | LU | LV | MT | NL | PL | PT | RO | SE | SI | SK,,RGN2XS8ZG,https://storage.googleapis.com/young-documents/mica-whitepaper-YNG-token.xhtml,,24/04/2026
Finanzmarktaufsicht (FMA),LI,Tiamonds AG,5299005UXAQFO3US5C38,LI,,,,,,http://tiamonds.com/docs,Admission to trading of TOTO Token,10/04/2025
Finanzmarktaufsicht (FMA),LI,LCX AG,529900SN07Z6RTX8R418,LI,,,,,,https://www.lcx.com/lcx-token-mica-white-paper/,Admission to trading of LCX Token,18/03/2025
Finanzmarktaufsicht (FMA),LI,,,,LCX AG,529900SN07Z6RTX8R418,,,,https://www.lcx.com/btc-mica-white-paper/,Admission to trading of Bitcoin (BTC) ,18/03/2025
Finanzmarktaufsicht (FMA),LI,,,,LCX AG,529900SN07Z6RTX8R418,,,,https://www.lcx.com/ada-mica-white-paper/,Admission to trading of Cardano (ADA),18/03/2025
Finanzmarktaufsicht (FMA),LI,,,,LCX AG,529900SN07Z6RTX8R418,,,,https://www.lcx.com/eth-mica-white-paper/,Admission to trading of Ethereum (ETH),18/03/2025
Finanzmarktaufsicht (FMA),LI,,,,LCX AG,529900SN07Z6RTX8R418,,,,https://www.lcx.com/xrp-mica-white-paper/,Admission to trading of Ripple (XRP),18/03/2025
Finanzmarktaufsicht (FMA),LI,,,,LCX AG,529900SN07Z6RTX8R418,,,,https://www.lcx.com/hbar-mica-white-paper/,Admission to trading of Hedera (HBAR),18/03/2025
Finanzmarktaufsicht (FMA),LI,,,,LCX AG,529900SN07Z6RTX8R418,,,,https://www.lcx.com/sol-mica-white-paper/,Admission to trading of Solana (SOL),18/03/2025
Finanzmarktaufsicht (FMA),LI,SwissFortress AG ,,LI,LCX AG,529900SN07Z6RTX8R418,,,,https://www.swissfortress.com/,Admission to trading and offer of FortressCoin (XFC),14/04/2025
Finanzmarktaufsicht (FMA),LI,Soul Protocol Issuer AG,391200VLCVZNAOKV5204,LI,,,,,,https://soul-assets.s3.us-east-2.amazonaws.com/pdfs/Soul+Token+Whitepaper+Apr+14+2025.pdf,Offer of the Soul Token,19/05/2025
Finanzmarktaufsicht (FMA),LI,,,,LCX AG,529900SN07Z6RTX8R418,,,,https://www.lcx.com/doge-mica-white-paper/,Admission to trading of Dogecoin (DOGE),14/04/2025
Finanzmarktaufsicht (FMA),LI,,,,LCX AG,529900SN07Z6RTX8R418,,,,https://www.lcx.com/link-mica-white-paper/,Admission to trading of Chainlink (LINK),14/04/2025
Finanzmarktaufsicht (FMA),LI,,,,LCX AG,529900SN07Z6RTX8R418,,,,https://www.lcx.com/near-mica-white-paper/,Admission to trading of NEAR (NEAR),14/04/2025
Finanzmarktaufsicht (FMA),LI,,,,LCX AG,529900SN07Z6RTX8R418,,,,https://www.lcx.com/pol-mica-white-paper/,Admission to trading of Polygon (POL),14/04/2025
Finanzmarktaufsicht (FMA),LI,,,,LCX AG,529900SN07Z6RTX8R418,,,,https://www.lcx.com/avax-mica-white-paper/,Admission to trading of Avalanche (AVAX),14/04/2025
Finanzmarktaufsicht (FMA),LI,,,,LCX AG,529900SN07Z6RTX8R418,,,,https://www.lcx.com/op-mica-white-paper/,Admission to trading of Optimism (OP),14/04/2025
Finanzmarktaufsicht (FMA),LI,LCX AG,529900SN07Z6RTX8R418,,LCX AG,529900SN07Z6RTX8R418,,,,https://www.lcx.com/lcxg-mica-white-paper/,Admission to trading and offer of LCX Gold (LCXG),14/04/2025
Finanzmarktaufsicht (FMA),LI,,,,LCX AG,529900SN07Z6RTX8R418,,,,https://www.lcx.com/arb-mica-white-paper/,Admission to trading of Arbitrum (ARB),14/04/2025
Finanzmarktaufsicht (FMA),LI,,,,LCX AG,529900SN07Z6RTX8R418,,,,https://www.lcx.com/uni-mica-white-paper/,Admission to trading of Uniswap (UNI),14/04/2025
Finanzmarktaufsicht (FMA),LI,LCX AG,529900SN07Z6RTX8R418,,LCX AG,529900SN07Z6RTX8R418,,,,https://www.lcx.com/lcxs-mica-white-paper/,Admission to trading and offer of LCX Silver (LCXS),14/04/2025
Finanzmarktaufsicht (FMA),LI,LCX AG,529900SN07Z6RTX8R418,,LCX AG,529900SN07Z6RTX8R418,,,,https://www.lcx.com/lcxp-mica-white-paper/,Admission to trading and offer of LCX Platinum (LCXP),14/04/2025
Finanzmarktaufsicht (FMA),LI,Smart IT Limited,,BS,,,AT | BE | BG | CY | CZ | DE | DK | EE | ES | FI | FR | GR | HR | HU | IE | IS | IT | LI | LT | LU | LV | MT | NL | NO | PL | PT | RO | SE | SI | SK,2VBQT2HCV,J1T852HN8,https://www.smartit.cc/en/user/at/smt/page/whitepaper,Offer of the Smart IT Token,30/06/2026
Finanzmarktaufsicht (FMA),LI,Regen AG,984500E96L11DB6C4D90,LI,,,,,,www.raiin.network/MICAWP,Admission to trading and offer of $RAIIN Token,14/07/2025
Finanzmarktaufsicht (FMA),LI,,,,LCX AG,529900SN07Z6RTX8R418,,,,https://www.lcx.com/amp-mica-white-paper/,Admission to trading of AMP,16/06/2025
Finanzmarktaufsicht (FMA),LI,,,,LCX AG,529900SN07Z6RTX8R418,,,,https://www.lcx.com/bch-mica-white-paper/,Admission to trading of BCH,16/06/2025
Finanzmarktaufsicht (FMA),LI,,,,LCX AG,529900SN07Z6RTX8R418,,,,https://www.lcx.com/celo-mica-white-paper/,Admission to trading of CELO,16/06/2025
Finanzmarktaufsicht (FMA),LI,,,,LCX AG,529900SN07Z6RTX8R418,,,,https://www.lcx.com/floki-mica-white-paper/,Admission to trading of FLOKI,16/06/2025
Finanzmarktaufsicht (FMA),LI,,,,LCX AG,529900SN07Z6RTX8R418,,,,https://www.lcx.com/ice-mica-white-paper/,Admission to trading of ICE,16/06/2025
Finanzmarktaufsicht (FMA),LI,,,,LCX AG,529900SN07Z6RTX8R418,,,,https://www.lcx.com/koin-mica-white-paper/,Admission to trading of KOIN,16/06/2025
Finanzmarktaufsicht (FMA),LI,,,,LCX AG,529900SN07Z6RTX8R418,,,,https://www.lcx.com/trac-mica-white-paper/,Admission to trading of TRAC,16/06/2025
Finanzmarktaufsicht (FMA),LI,,,,LCX AG,529900SN07Z6RTX8R418,,,,https://www.lcx.com/dot-mica-white-paper/,Admission to trading of DOT,16/06/2025
Finanzmarktaufsicht (FMA),LI,,,,LCX AG,529900SN07Z6RTX8R418,,,,https://www.lcx.com/tokenfi-mica-white-paper/,Admission to trading of Tokenfi,16/06/2025
Finanzmarktaufsicht (FMA),LI,,,,LCX AG,529900SN07Z6RTX8R418,,,,https://www.lcx.com/ton-mica-white-paper/,Admission to trading of TON,16/06/2025
Finanzmarktaufsicht (FMA),LI,,,,LCX AG,529900SN07Z6RTX8R418,,,,https://www.lcx.com/wld-mica-white-paper/,Admission to trading of WLD,16/06/2025
Finanzmarktaufsicht (FMA),LI,xMoney Labs AG,5299001F1ZB58S6JDZ54,LI,,,,2NHJ3W9VP,78MRWHJNB,http://www.xmoney.com/legal/white-paper-xmn-3-0---xmoney-token,Admission to trading of xMoney Token ($XMN),28/04/2026
Finanzmarktaufsicht (FMA),LI,,,,LCX AG,529900SN07Z6RTX8R418,,,,https://www.lcx.com/acs-mica-white-paper/,Admission to trading of ACS,12/09/2025
Finanzmarktaufsicht (FMA),LI,,,,LCX AG,529900SN07Z6RTX8R418,,,,https://www.lcx.com/acx-mica-white-paper/,Admission to trading of ACX,12/09/2025
Finanzmarktaufsicht (FMA),LI,,,,LCX AG,529900SN07Z6RTX8R418,,,,https://www.lcx.com/eigen-mica-white-paper/,Admission to trading of EIGEN,12/09/2025
Finanzmarktaufsicht (FMA),LI,,,,LCX AG,529900SN07Z6RTX8R418,,,,https://www.lcx.com/jup-mica-white-paper/,Admission to trading of JUP,12/09/2025
Finanzmarktaufsicht (FMA),LI,,,,LCX AG,529900SN07Z6RTX8R418,,,,https://www.lcx.com/kas-mica-white-paper/,Admission to trading of KAS,12/09/2025
Finanzmarktaufsicht (FMA),LI,,,,LCX AG,529900SN07Z6RTX8R418,,,,https://www.lcx.com/kta-mica-white-paper/,Admission to trading of KTA,12/09/2025
Finanzmarktaufsicht (FMA),LI,,,,LCX AG,529900SN07Z6RTX8R418,,,,https://www.lcx.com/ldo-mica-white-paper/,Admission to trading of LDO,12/09/2025
Finanzmarktaufsicht (FMA),LI,,,,LCX AG,529900SN07Z6RTX8R418,,,,https://www.lcx.com/mnt-mica-white-paper/,Admission to trading of MNT,12/09/2025
Finanzmarktaufsicht (FMA),LI,,,,LCX AG,529900SN07Z6RTX8R418,,,,https://www.lcx.com/mog-mica-white-paper/,Admission to trading of MOG,12/09/2025
Finanzmarktaufsicht (FMA),LI,,,,LCX AG,529900SN07Z6RTX8R418,,,,https://www.lcx.com/move-mica-white-paper/,Admission to trading of MOVE,12/09/2025
Finanzmarktaufsicht (FMA),LI,,,,LCX AG,529900SN07Z6RTX8R418,,,,https://www.lcx.com/pengu-mica-white-paper/,Admission to trading of PENGU,12/09/2025
Finanzmarktaufsicht (FMA),LI,,,,LCX AG,529900SN07Z6RTX8R418,,,,https://www.lcx.com/pepe-mica-white-paper/,Admission to trading of PEPE,12/09/2025
Finanzmarktaufsicht (FMA),LI,,,,LCX AG,529900SN07Z6RTX8R418,,,,https://www.lcx.com/sky-mica-white-paper/,Admission to trading of SKY,12/09/2025
Finanzmarktaufsicht (FMA),LI,,,,LCX AG,529900SN07Z6RTX8R418,,,,https://www.lcx.com/sui-mica-white-paper/,Admission to trading of SUI,12/09/2025
Finanzmarktaufsicht (FMA),LI,,,,LCX AG,529900SN07Z6RTX8R418,,,,https://www.lcx.com/tron-mica-white-paper/,Admission to trading of TRON,12/09/2025
Finanzmarktaufsicht (FMA),LI,,,,LCX AG,529900SN07Z6RTX8R418,,,,https://www.lcx.com/wlfi-mica-white-paper/,Admission to trading of WLFI,12/09/2025
Finanzmarktaufsicht (FMA),LI,MatterFi Inc.,254900SCRP0O8UPILI97,US,,,,,,https://americanfortress.io/AF-mica-white-paper/,Admission to trading and offer of the $AF,23/09/2025
Finanzmarktaufsicht (FMA),LI,,,,LCX AG,529900SN07Z6RTX8R418,,,,https://www.lcx.com/aioz-mica-white-paper/,Admission to trading of AIOZ,24/11/2025
Finanzmarktaufsicht (FMA),LI,,,,LCX AG,529900SN07Z6RTX8R418,,,,https://www.lcx.com/alch-mica-white-paper/,Admission to trading of ALCH,24/11/2025
Finanzmarktaufsicht (FMA),LI,,,,LCX AG,529900SN07Z6RTX8R418,,,,https://www.lcx.com/b3-mica-white-paper/,Admission to trading of B3,24/11/2025
Finanzmarktaufsicht (FMA),LI,,,,LCX AG,529900SN07Z6RTX8R418,,,,https://www.lcx.com/bio-mica-white-paper/,Admission to trading of BIO,24/11/2025
Finanzmarktaufsicht (FMA),LI,,,,LCX AG,529900SN07Z6RTX8R418,,,,https://www.lcx.com/gala-mica-white-paper/,Admission to trading of GALA,24/11/2025
Finanzmarktaufsicht (FMA),LI,,,,LCX AG,529900SN07Z6RTX8R418,,,,https://www.lcx.com/honey-mica-white-paper/,Admission to trading of HONEY,24/11/2025
Finanzmarktaufsicht (FMA),LI,,,,LCX AG,529900SN07Z6RTX8R418,,,,https://www.lcx.com/lqty-mica-white-paper/,Admission to trading of LQTY,24/11/2025
Finanzmarktaufsicht (FMA),LI,,,,LCX AG,529900SN07Z6RTX8R418,,,,https://www.lcx.com/mplex-mica-white-paper/,Admission to trading of MPLX,24/11/2025
Finanzmarktaufsicht (FMA),LI,,,,LCX AG,529900SN07Z6RTX8R418,,,,https://www.lcx.com/not-mica-white-paper/,Admission to trading of NOT,24/11/2025
Finanzmarktaufsicht (FMA),LI,,,,LCX AG,529900SN07Z6RTX8R418,,,,https://www.lcx.com/npc-mica-white-paper/,Admission to trading of NPC,24/11/2025
Finanzmarktaufsicht (FMA),LI,,,,LCX AG,529900SN07Z6RTX8R418,,,,https://www.lcx.com/plume-mica-white-paper/,Admission to trading of PLUME,24/11/2025
Finanzmarktaufsicht (FMA),LI,,,,LCX AG,529900SN07Z6RTX8R418,,,,https://www.lcx.com/qai-mica-white-paper/,Admission to trading of QAI,24/11/2025
Finanzmarktaufsicht (FMA),LI,,,,LCX AG,529900SN07Z6RTX8R418,,,,https://www.lcx.com/rsr-mica-white-paper/,Admission to trading of RSR,24/11/2025
Finanzmarktaufsicht (FMA),LI,,,,LCX AG,529900SN07Z6RTX8R418,,,,https://www.lcx.com/serv-mica-white-paper/,Admission to trading of SERV,24/11/2025
Finanzmarktaufsicht (FMA),LI,,,,LCX AG,529900SN07Z6RTX8R418,,,,https://www.lcx.com/trump-mica-white-paper/,Admission to trading of TRUMP,24/11/2025
Finanzmarktaufsicht (FMA),LI,,,,LCX AG,529900SN07Z6RTX8R418,,,,https://www.lcx.com/virtual-mica-white-paper/,Admission to trading of VIRTUAL,24/11/2025
Finanzmarktaufsicht (FMA),LI,,,,LCX AG,529900SN07Z6RTX8R418,,,,https://www.lcx.com/zora-mica-white-paper/,Admission to trading of ZORA,24/11/2025
Finanzmarktaufsicht (FMA),LI,CONFERO EUROPE AG,984500780757UF839508,LI,,,,,,https://linx-li.com/ZNNT-MiCA-Whitepaper/,Admission to trading and offer of the ZNNT,24/11/2025
Finanzmarktaufsicht (FMA),LI,ALCUM AG,894500MOZ40DCBSCQY83,CH,,,AT | BE | BG | CY | CZ | DE | DK | EE | ES | FI | FR | GR | HR | HU | IE | IS | IT | LI | LT | LU | LV | MT | NL | NO | PL | PT | RO | SE | SI | SK,9DDKPFN21,BJP4TNKN9,https://alcum.com/whitepaper,Offer of the xCUP Token,05/03/2026
Finanzmarktaufsicht (FMA),LI,Haven Holding AG,529900JRSVNLVGL0ID19,LI,,,AT | BE | BG | CY | CZ | DE | DK | EE | ES | FI | FR | GR | HR | HU | IE | IS | IT | LI | LT | LU | LV | MT | NL | NO | PL | PT | RO | SE | SI | SK,GRGRG0DWJ,SHD2NGHZV,www.havenex.com ,Admission to trading of HAV,19/06/2026
Bank of Lithuania (LB),LT,Socios Technologies AG,,LT,,,,,,https://www.socios.com/dojo-whitepaper/,Modified WP content and url on 23-05-2025,23/05/2025
Bank of Lithuania (LB),LT,UAB Whitebridge Network,,LT,,,,,,https://docs.whitebridge.network/legal/whitepaper,Modified content on 04-09-2025,04/09/2025
Bank of Lithuania (LB),LT,Block Code WP UAB,6488MIUW36EG785W1423,LT,,,,,,https://www.plutus.it/legal/mica-whitepapers,Modified content on 04-09-2025,04/09/2025
Bank of Lithuania (LB),LT,Vortex Tech Ltd,,LT,,,,,,https://zerobase.pro/docs/ZEROBASE_MiCA_WhitePaper.pdf,,14/08/2025
Bank of Lithuania (LSC),LT,Cambix X UAB,9845007D62DDW91D5494,LT,,,,,,https://cryptolink.io/docs/Cambix_CBIT_WP.pdf,,17/09/2025
Bank of Lithuania (LSC),LT,PROOF SPACE PTE. LTD,984500369FCB46C4AC74,LT,,,,,,https://polyhedra.network/mica_wp,,07/11/2025
Bank of Lithuania (LSC),LT,Trek Labs UAB,984500EEE8563F39DC58,LT,,,AT | BE | BG | CY | CZ | DE | DK | EE | ES | FI | FR | GR | HR | HU | IE | IS | IT | LI | LT | LU | LV | MT | NL | NO | PL | PT | RO | SE | SI | SK,BCDX3LB29,8NJBDL5PP,https://drive.google.com/file/d/1uZUN5QxQur6GmKx83OQJ007UetDJxU8e/view?usp=sharing,https://support.backpack.exchange/legal,26/06/2026
Commission de Surveillance du Secteur Financier,LU,Bitstamp Europe S.A.,549300XIBGTJ0PLIEO72,LU,Bitstamp Europe S.A.,549300XIBGTJ0PLIEO72,LU,5CV6W8P9H,XNCXCGN7X,https://www.bitstamp.net/s/documents/2025-12-23-White-paper-BOME-FFG-5CV6W8P9H.xhtml,"•	in order to pass the validation rules, Section A was left blank.
•	corporate information for Bitstamp was updated with the latest details",22/01/2026
Commission de Surveillance du Secteur Financier,LU,Bitstamp Europe S.A.,549300XIBGTJ0PLIEO72,LU,Bitstamp Europe S.A.,549300XIBGTJ0PLIEO72,LU,TC417FPLR,VPNL7Z0Z6,https://www.bitstamp.net/s/documents/2025-12-23-White-paper-Melania-Meme-FFG-TC417FPLR.xhtml,"•	in order to pass the validation rules, Section A was left blank.
•	corporate information for Bitstamp was updated with the latest details",22/01/2026
Commission de Surveillance du Secteur Financier,LU,Bitstamp Europe S.A.,549300XIBGTJ0PLIEO72,LU,Bitstamp Europe S.A.,549300XIBGTJ0PLIEO72,LU,LJDPGNXXK,3R313RR9C,https://www.bitstamp.net/s/documents/2025-12-23-White-paper-OFFICIAL-TRUMP-FFG-LJDPGNXXK.xhtml,"•	in order to pass the validation rules, Section A was left blank.
•	corporate information for Bitstamp was updated with the latest details",22/01/2026
Commission de Surveillance du Secteur Financier,LU,Bitstamp Europe S.A.,549300XIBGTJ0PLIEO72,LU,Bitstamp Europe S.A.,549300XIBGTJ0PLIEO72,LU,CPLCKVT11,WCFP5ZBK5,https://www.bitstamp.net/s/documents/2025-12-23-White-paper-Popcat-FFG-CPLCKVT11.xhtml,"•	in order to pass the validation rules, Section A was left blank.
•	corporate information for Bitstamp was updated with the latest details",22/01/2026
Commission de Surveillance du Secteur Financier,LU,Bitstamp Europe S.A.,549300XIBGTJ0PLIEO72,LU,Bitstamp Europe S.A.,549300XIBGTJ0PLIEO72,LU,13JBPT88T,XNT9ZM8KB,https://www.bitstamp.net/s/documents/2025-12-23-White-paper-Pudgy-Penguins-FFG-13JBPT88T.xhtml,"•	in order to pass the validation rules, Section A was left blank.
•	corporate information for Bitstamp was updated with the latest details",22/01/2026
Commission de Surveillance du Secteur Financier,LU,Bitstamp Europe S.A.,549300XIBGTJ0PLIEO72,LU,Bitstamp Europe S.A.,549300XIBGTJ0PLIEO72,LU,75D0KJ7WN,7FJ0P4TBH,https://www.bitstamp.net/s/documents/2025-12-23-White-paper-Peanut-the-Squirrel-FFG-75D0KJ7WN.xhtml,"•	in order to pass the validation rules, Section A was left blank.
•	corporate information for Bitstamp was updated with the latest details",22/01/2026
Commission de Surveillance du Secteur Financier,LU,Recall Foundation,,KY,,,"LU, AT, BE, BG, HR, CY, CZ, DK, EE, FI, FR, DE, GR, HU, IS, IE, IT, LV, LI, LT, MT, NL, NO, PL, PT, RO, SK, SI, ES, SE",,,https://docs.recall.network/pdf/Recall-Vision.pdf,,14/07/2025
Commission de Surveillance du Secteur Financier,LU,Bitstamp Europe S.A.,549300XIBGTJ0PLIEO72,LU,Bitstamp Europe S.A.,549300XIBGTJ0PLIEO72,LU,GB8DQ8DWN,HGMF3TRBK I RQWW6J6K0 I 612RCQLCX,https://www.bitstamp.net/s/documents/2025-12-23-White-paper-Polygon-POL-FFG-GB8DQ8DWN.xhtml,"•	in order to pass the validation rules, Section A was left blank.
•	corporate information for Bitstamp was updated with the latest details",22/01/2026
Commission de Surveillance du Secteur Financier,LU,Bitstamp Europe S.A.,549300XIBGTJ0PLIEO72,LU,Bitstamp Europe S.A.,549300XIBGTJ0PLIEO72,LU,XR0JSKLNZ,6WNRFWT13 I RQGSSPQ03,https://www.bitstamp.net/s/documents/2025-12-23-White-paper-Render-Token-FFG-XR0JSKLNZ.xhtml,"•	in order to pass the validation rules, Section A was left blank.
•	corporate information for Bitstamp was updated with the latest details",22/01/2026
Commission de Surveillance du Secteur Financier,LU,Bitstamp Europe S.A.,549300XIBGTJ0PLIEO72,LU,Bitstamp Europe S.A.,549300XIBGTJ0PLIEO72,LU,H3X85BK7M,DX81GC616,https://www.bitstamp.net/s/documents/2025-12-23-White-paper-Moo-Deng-FFG-H3X85BK7M.xhtml,"•	in order to pass the validation rules, Section A was left blank.
•	corporate information for Bitstamp was updated with the latest details",22/01/2026
Commission de Surveillance du Secteur Financier,LU,Bitstamp Europe S.A.,549300XIBGTJ0PLIEO72,LU,Bitstamp Europe S.A.,549300XIBGTJ0PLIEO72,LU,7WMBV0R29,4MRQJ9KZX I FPRDP6XFW I N8DL4NDHC,https://www.bitstamp.net/s/documents/2025-12-23-White-paper-Virtual-Protocol-FFG-7WMBV0R29.xhtml,"•	in order to pass the validation rules, Section A was left blank.
•	corporate information for Bitstamp was updated with the latest details",22/01/2026
Commission de Surveillance du Secteur Financier,LU,Longhouse Water150 S.A.,,LU,,,"LU, AT, BE, BG, HR, CY, CZ, DK, EE, FI, FR, DE, GR, HU, IE, IT, LV, LT, MT, NL, PL, PT, RO, SK, SI, ES, SE",,,https://wp.water150.io/,,24/07/2025
Commission de Surveillance du Secteur Financier,LU,Maple DAO (BVI) Ltd,984500X1FBE3CED5HF70,VG,,,"LU, AT, BE, BG, HR, CY, CZ, DK, EE, FI, FR, DE, GR, HU, IE, IT, LV, LT, MT, NL, PL, PT, RO, SK, SI, ES",,,https://docsend.com/view/bd6nb4bts33zvbhd,,28/07/2025
Commission de Surveillance du Secteur Financier,LU,Primary Creative Limited,254900JDFQ2EAGJHU889,VG,,,LU,,,https://cityprotocol.co/mica_whitepaper,the current version of the white paper reflects an update to the issuing entity and no other substantive changes have been made,12/11/2025
Commission de Surveillance du Secteur Financier,LU,Hy Foundation,5299004CRSCKGAZWLY81,KY,,,"LU, AT, BE, BG,
 HR, CY, CZ, DK, EE, FI, FR, DE, GR, HU, IS, IE, IT, LV, LI, LT, MT, NL, NO, PL, PT, RO, SK, SI, ES, SE",,,https://hytopia.com/mica,,10/11/2025
Commission de Surveillance du Secteur Financier,LU,SUP Corp. (BVI),254900OYD1IONT765K68,VG,,,"LU, AT, BE, BG, HR, CY, CZ, DK, EE, FI, FR, DE, GR, HU, IS, IE, IT, LV, LI, LT, MT, NL, NO, PL, PT, RO, SK, SI, ES, SE",,,https://claim.superfluid.org/mica254900OYD1IONT765K68.html,,12/11/2025
Commission de Surveillance du Secteur Financier,LU,Bitstamp Europe S.A.,549300XIBGTJ0PLIEO72,LU,Bitstamp Europe S.A.,549300XIBGTJ0PLIEO72,LU,HLTPNVXN0,80W43TV26,https://www.bitstamp.net/s/documents/2025-12-23-White-paper-Hyperliquid-FFG-HLTPNVXN0.xhtml,"•	in order to pass the validation rules, Section A was left blank.
•	corporate information for Bitstamp was updated with the latest details",22/01/2026
Commission de Surveillance du Secteur Financier,LU,Bitstamp Europe S.A.,549300XIBGTJ0PLIEO72,LU,Bitstamp Europe S.A.,549300XIBGTJ0PLIEO72,LU,3XVWCVFSX,H50D9HB3K I J75VP8MPH I ZLZ08WV6N,https://www.bitstamp.net/s/documents/2025-12-23-White-paper-World-Liberty-Financial-FFG-3XVWCVFSX.xhtml,"•	in order to pass the validation rules, Section A was left blank.
•	corporate information for Bitstamp was updated with the latest details",22/01/2026
Commission de Surveillance du Secteur Financier,LU,Bitstamp Europe S.A.,549300XIBGTJ0PLIEO72,LU,Bitstamp Europe S.A.,549300XIBGTJ0PLIEO72,LU,TBR0XDRN8,MFT7HMS7F I H0TL06GPZ I 7X0W2C94Z,https://www.bitstamp.net/s/documents/2025-12-23-White-paper-BIO-FFG-TBR0XDRN8.xhtml,"•	in order to pass the validation rules, Section A was left blank.
•	corporate information for Bitstamp was updated with the latest details",22/01/2026
Commission de Surveillance du Secteur Financier,LU,Theoriq (BVI) Ltd.,2549008HR6RRRZ9ZI573,VG,,,"LU, AT, BE, BG, HR, CY , CZ, DK, EE, FI, FR, DE, GR, HU, IS, IE, IT, LV, LI, LT, MT, NL, NO, PL, PT, RO, SK, SI, ES , SE",,,https://www.theoriq.ai/mica-whitepaper,,20/11/2025
Commission de Surveillance du Secteur Financier,LU,Invest 4B SARL,,LU,,,"LU, AT, BE, BG, HR, CY , CZ, DK, EE, FI, FR, DE, GR, HU, IS, IE, IT, LV, LI, LT, MT, NL, NO, PL, PT, RO, SK, SI, ES , SE",,,https://invest4b.eu/whitepaper.xhtml,,16/12/2025
Commission de Surveillance du Secteur Financier,LU,Fuse Crypto Limited,,JE,,,"LU, AT, BE, BG, HR, CY , CZ, DK, EE, FI, FR, DE, GR, HU, IS, IE, IT, LV, LI, LT, MT, NL, NO, PL, PT, RO, SK, SI, ES , SE",4TGWJFFJ5,HQ3X8PQD4,https://www.fuseenergy.com/mica-whitepaper,"Note that the publication date for the modified white paper is 24.02.2026 at which point this record will be updated with the link.  
•	Technical Alignment for ESMA Register: To update the ""Type of Submission"" (Item F.5) to ""MODI"" and ensure all mandatory fields (including the FFG DTI) are updated for integration into the ESMA interim register.
•	Operational Timeline Update: To update the intended starting date of admission to trading to 24 February 2026, aligning with the mandatory 7-working-day notification period.
•	Update on Trading Platform: To formally specify Bitstamp Europe S.A. as the first trading platform where admission to trading is being sought.",18/02/2026
Commission de Surveillance du Secteur Financier,LU,Send Foundation,98450080C53RT6E3CB66,CK,,,"LU, AT, BE, BG, HR, CY , CZ, DK, EE, FI, FR, DE, GR, HU, IS, IE, IT, LV, LI, LT, MT, NL, NO, PL, PT, RO, SK, SI, ES , SE",,,https://info.send.it/docs/legal/mica-whitepaper,,18/12/2025
Commission de Surveillance du Secteur Financier,LU,Puffpaw Foundation,254900T2F7QFHPX1TN42,KY,,,"LU, AT, BE, BG, HR, CY , CZ, DK, EE, FI, FR, DE, GR, HU, IS, IE, IT, LV, LI, LT, MT, NL, NO, PL, PT, RO, SK, SI, ES , SE",,,https://www.puffpaw.xyz/mica-whitepaper,,18/12/2025
Commission de Surveillance du Secteur Financier,LU,Bitstamp Europe S.A.,549300XIBGTJ0PLIEO72,LU,Bitstamp Europe S.A.,549300XIBGTJ0PLIEO72,LU,5RJT6339X,JKMF5L4KM I 6SSGLNPPP I 46P3KPLQX,https://www.bitstamp.net/s/documents/2025-12-23-White-paper-Pendle-FFG-5RJT6339X.xhtml,,22/01/2026
Commission de Surveillance du Secteur Financier,LU,Bitstamp Europe S.A.,549300XIBGTJ0PLIEO72,LU,Bitstamp Europe S.A.,549300XIBGTJ0PLIEO72,LU,H8BH7VR5W,1WQ8SGRXX,https://www.bitstamp.net/s/documents/2026-01-12-White-paper-Aster-FFG-H8BH7VR5W.xhtml ,,22/01/2026
Commission de Surveillance du Secteur Financier,LU,Bitstamp Europe S.A.,549300XIBGTJ0PLIEO72,LU,Bitstamp Europe S.A.,549300XIBGTJ0PLIEO72,LU,C4CQCGLH2,SSFZXXTDD I SMB9ZBCGN,https://www.bitstamp.net/s/documents/2026-01-12-White-paper-Aptos-Coin-FFG-C4CQCGLH2.xhtml ,,22/01/2026
Commission de Surveillance du Secteur Financier,LU,Bitstamp Europe S.A.,549300XIBGTJ0PLIEO72,LU,Bitstamp Europe S.A.,549300XIBGTJ0PLIEO72,LU,LZ3V3Z6FD,HH35QMXT8 I 79F06FB14 I KHJHQNSDZ I 7WCK2RVW2 I QJXZG0R9J I KX6X7D5ND I 3DJ566NFC I HT742VTHT,https://www.bitstamp.net/s/documents/2026-01-12-White-paper-PancakeSwap-FFG-LZ3V3Z6FD.xhtml,,22/01/2026
Commission de Surveillance du Secteur Financier,LU,Bitstamp Europe S.A.,549300XIBGTJ0PLIEO72,LU,Bitstamp Europe S.A.,549300XIBGTJ0PLIEO72,LU,HZ9HHNPLG,523PVPHKS I 993D8X1FB I 6PF7WDK49, https://www.bitstamp.net/s/documents/2026-01-12-White-paper-TRON-TRX-FFG-HZ9HHNPLG.xhtml,,22/01/2026
Commission de Surveillance du Secteur Financier,LU,Bitstamp Europe S.A.,549300XIBGTJ0PLIEO72,LU,Bitstamp Europe S.A.,549300XIBGTJ0PLIEO72,LU,6C7F2WVZH,J51DXB76N | 6453368PD | W03RCK39H | HX1NSP98N | MC73KT6K4 | 2RZ13PHH3 | JVMWS68W | DJ0QPRH0W,https://www.bitstamp.net/s/documents/2026-01-19-White-paper-Cosmos-ATOM-FFG-6C7F2WVZH.xhtml,,22/01/2026
Commission de Surveillance du Secteur Financier,LU,Bitstamp Europe S.A.,549300XIBGTJ0PLIEO72,LU,Bitstamp Europe S.A.,549300XIBGTJ0PLIEO72,LU,W0746TPZW,DSZ0J72T7,https://www.bitstamp.net/s/documents/2026-01-19-White-paper-Lighter-FFG-W0746TPZW.xhtml,,22/01/2026
Commission de Surveillance du Secteur Financier,LU,Noble Foundation,254900JX2LQZTAJA9773,KY,,,AT | BE | BG | CY | CZ | DE | DK | EE | ES | FI | FR | GR | HR | HU | IE | IS | IT | LI | LT | LU | LV | MT | NL | NO | PL | PT | RO | SE | SI | SK,,4XNHT01MK,http://www.noble.xyz/whitepaper,,28/01/2026
Commission de Surveillance du Secteur Financier,LU,Genesys Protocol Holdings Ltd.,254900RNIRZ1EOPDO568,VG,,,AT | BE | BG | CY | CZ | DE | DK | EE | ES | FI | FR | GR | HR | HU | IE | IS | IT | LI | LT | LU | LV | MT | NL | NO | PL | PT | RO | SE | SI | SK,,MR60BP4N0,usd.ai/mica,,28/01/2026
Commission de Surveillance du Secteur Financier,LU,Arcium Association,984500C7584BABED3E03,CH,"COINBASE, INC.",549300QHD76EP6ZKTT48,AT | BE | BG | CY | CZ | DE | DK | EE | ES | FI | FR | GR | HR | HU | IE | IS | IT | LI | LT | LU | LV | MT | NL | NO | PL | PT | RO | SE | SI | SK,2GM37J0CX,QWFKWNHQV,https://www.arcium.com/articles/mica-whitepaper,,30/01/2026
Commission de Surveillance du Secteur Financier,LU,Alt Research Ltd.,254900FWQV824QKT8L36,VG,,,AT | BE | BG | CY | CZ | DE | DK | EE | ES | FI | FR | GR | HR | HU | IE | IS | IT | LI | LT | LU | LV | MT | NL | NO | PL | PT | RO | SE | SI | SK,B7HS0LP5T,6TB68VNSV  | R6KK82R27,https://altlayer.io/MiCA_WP.xhtml,Note that the publication date for the white paper is 01/04/2026 at which point this record will be updated with the link.  ,04/03/2026
Commission de Surveillance du Secteur Financier,LU,Bitstamp Europe S.A.,549300XIBGTJ0PLIEO72,LU,Bitstamp Europe S.A.,549300XIBGTJ0PLIEO72,AT | BE | BG | CY | CZ | DE | DK | EE | ES | FI | FR | GR | HR | HU | IE | IS | IT | LI | LT | LU | LV | MT | NL | NO | PL | PT | RO | SE | SI | SK,QH1GF1J5H,K1KRW1TFQ I C0D7M4H0R,https://assets.bitstamp.net/docs/whitepaper/MNT_2026_03_09.xhtml,Note that the publication date for the white paper is 20/04/2026 at which point this record will be updated with the link.  ,24/03/2026
Commission de Surveillance du Secteur Financier,LU,Bitstamp Europe S.A.,549300XIBGTJ0PLIEO72,LU,Bitstamp Europe S.A.,549300XIBGTJ0PLIEO72,AT | BE | BG | CY | CZ | DE | DK | EE | ES | FI | FR | GR | HR | HU | IE | IS | IT | LI | LT | LU | LV | MT | NL | NO | PL | PT | RO | SE | SI | SK,G4GDNF84C,70LZN86TK,https://assets.bitstamp.net/docs/whitepaper/SKY_2025_03_09.xhtml,Note that the publication date for the white paper is 20/04/2026 at which point this record will be updated with the link.  ,24/03/2026
Commission de Surveillance du Secteur Financier,LU,Bitstamp Europe S.A.,549300XIBGTJ0PLIEO72,LU,Bitstamp Europe S.A.,549300XIBGTJ0PLIEO72,AT | BE | BG | CY | CZ | DE | DK | EE | ES | FI | FR | GR | HR | HU | IE | IS | IT | LI | LT | LU | LV | MT | NL | NO | PL | PT | RO | SE | SI | SK,FLJPFR9RS,LGF6FD5NZ I 7VTRKSC7S,https://assets.bitstamp.net/docs/whitepaper/XTZ_2026_03_19.xhtml,Note that the publication date for the white paper is 20/04/2026 at which point this record will be updated with the link.  ,24/03/2026
Commission de Surveillance du Secteur Financier,LU,Bitstamp Europe S.A.,549300XIBGTJ0PLIEO72,LU,Bitstamp Europe S.A.,549300XIBGTJ0PLIEO72,AT | BE | BG | CY | CZ | DE | DK | EE | ES | FI | FR | GR | HR | HU | IE | IS | IT | LI | LT | LU | LV | MT | NL | NO | PL | PT | RO | SE | SI | SK,BCBLPFRBX,HKL2NKLD8,https://assets.bitstamp.net/docs/whitepaper/ZK_2026_05_07.xhtml,Note that the publication date for the white paper is 10/06/2026 at which point this record will be updated with the link.  ,12/05/2026
Commission de Surveillance du Secteur Financier,LU,Bitstamp Europe S.A.,549300XIBGTJ0PLIEO72,LU,Bitstamp Europe S.A.,549300XIBGTJ0PLIEO72,AT | BE | BG | CY | CZ | DE | DK | EE | ES | FI | FR | GR | HR | HU | IE | IS | IT | LI | LT | LU | LV | MT | NL | NO | PL | PT | RO | SE | SI | SK,M7NN4STH9,"TQ1G4JDD1, 12NRRG38S, VTMS6V53Z",https://assets.bitstamp.net/docs/whitepaper/TIA_2026_05_07.xhtml,Note that the publication date for the white paper is 15/06/2026 at which point this record will be updated with the link.  ,12/05/2026
Commission de Surveillance du Secteur Financier (CSSF),LU,Bitstamp Europe S.A.,549300XIBGTJ0PLIEO72,LU,Bitstamp Europe S.A.,549300XIBGTJ0PLIEO72,AT | BE | BG | CY | CZ | DE | DK | EE | ES | FI | FR | GR | HR | HU | IE | IS | IT | LI | LT | LU | LV | MT | NL | NO | PL | PT | RO | SE | SI | SK,L8M8X31JL,N25N2VFT7 I Z3SN3NVM7,https://assets.bitstamp.net/docs/whitepaper/Quant_2026_05_13.xhtml,Note that the publication date for the white paper is 15/06/2026 at which point this record will be updated with the link.  ,18/05/2026
Commission de Surveillance du Secteur Financier (CSSF),LU,Bitstamp Europe S.A.,549300XIBGTJ0PLIEO72,LU,Bitstamp Europe S.A.,549300XIBGTJ0PLIEO72,AT | BE | BG | CY | CZ | DE | DK | EE | ES | FI | FR | GR | HR | HU | IE | IS | IT | LI | LT | LU | LV | MT | NL | NO | PL | PT | RO | SE | SI | SK,C0HH6QTBN,RWM9LFCCR I 17CNX2KXX,https://assets.bitstamp.net/docs/whitepaper/ZRO_2026_05_13.xhtml,Note that the publication date for the white paper is 15/06/2026 at which point this record will be updated with the link.  ,18/05/2026
Commission de Surveillance du Secteur Financier (CSSF),LU,Bitstamp Europe S.A.,549300XIBGTJ0PLIEO72,LU,Bitstamp Europe S.A.,549300XIBGTJ0PLIEO72,AT | BE | BG | CY | CZ | DE | DK | EE | ES | FI | FR | GR | HR | HU | IE | IS | IT | LI | LT | LU | LV | MT | NL | NO | PL | PT | RO | SE | SI | SK,P0SD47M0W,1J5KDD5S0,https://assets.bitstamp.net/docs/whitepaper/VVV_2026_06_01.xhtml,Note that the publication date for the white paper is 01/07/2026 at which point this record will be updated with the link.  ,03/06/2026
Commission de Surveillance du Secteur Financier (CSSF),LU,Bitstamp Europe S.A.,549300XIBGTJ0PLIEO72,LU,Bitstamp Europe S.A.,549300XIBGTJ0PLIEO72,AT | BE | BG | CY | CZ | DE | DK | EE | ES | FI | FR | GR | HR | HU | IE | IS | IT | LI | LT | LU | LV | MT | NL | NO | PL | PT | RO | SE | SI | SK,25J14XV4F,GDX74SST8 I L2BKTJ5WW I XR2ZNHXH7 I TDWLL16VZ,https://assets.bitstamp.net/docs/whitepaper/W_2026_06_01.xhtml,Note that the publication date for the white paper is 01/07/2026 at which point this record will be updated with the link.  ,03/06/2026
Commission de Surveillance du Secteur Financier (CSSF),LU,Bitstamp Europe S.A.,549300XIBGTJ0PLIEO72,LU,Bitstamp Europe S.A.,549300XIBGTJ0PLIEO72,AT | BE | BG | CY | CZ | DE | DK | EE | ES | FI | FR | GR | HR | HU | IE | IS | IT | LI | LT | LU | LV | MT | NL | NO | PL | PT | RO | SE | SI | SK,7JBMLCWCR,JN8QMR9XS,https://assets.bitstamp.net/docs/whitepaper/S_2026_06_01.xhtml,Note that the publication date for the white paper is 02/07/2026 at which point this record will be updated with the link.  ,03/06/2026
Commission de Surveillance du Secteur Financier (CSSF),LU,Bitstamp Europe S.A.,549300XIBGTJ0PLIEO72,LU,Bitstamp Europe S.A.,549300XIBGTJ0PLIEO72,AT | BE | BG | CY | CZ | DE | DK | EE | ES | FI | FR | GR | HR | HU | IE | IS | IT | LI | LT | LU | LV | MT | NL | NO | PL | PT | RO | SE | SI | SK,D3XB6KZ0,1P87W66DP,https://assets.bitstamp.net/docs/whitepaper/JTO_2026_05_29.xhtml,Note that the publication date for the white paper is 30/06/2026 at which point this record will be updated with the link.  ,03/06/2026
Commission de Surveillance du Secteur Financier (CSSF),LU,Bitstamp Europe S.A.,549300XIBGTJ0PLIEO72,LU,Bitstamp Europe S.A.,549300XIBGTJ0PLIEO72,AT | BE | BG | CY | CZ | DE | DK | EE | ES | FI | FR | GR | HR | HU | IE | IS | IT | LI | LT | LU | LV | MT | NL | NO | PL | PT | RO | SE | SI | SK,QS946B4NN,Z63372HJ5,https://assets.bitstamp.net/docs/whitepaper/ORCA_2026_05_29.xhtml ,Note that the publication date for the white paper is 30/06/2026 at which point this record will be updated with the link.  ,03/06/2026
Commission de Surveillance du Secteur Financier (CSSF),LU,Bitstamp Europe S.A.,549300XIBGTJ0PLIEO72,LU,Bitstamp Europe S.A.,549300XIBGTJ0PLIEO72,AT | BE | BG | CY | CZ | DE | DK | EE | ES | FI | FR | GR | HR | HU | IE | IS | IT | LI | LT | LU | LV | MT | NL | NO | PL | PT | RO | SE | SI | SK,7HFXRDFHH,BL6GMJNDW,https://assets.bitstamp.net/docs/whitepaper/RAY_2026_05_29.xhtml,Note that the publication date for the white paper is 30/06/2026 at which point this record will be updated with the link.  ,03/06/2026
Commission de Surveillance du Secteur Financier (CSSF),LU,Bitstamp Europe S.A.,549300XIBGTJ0PLIEO72,LU,Bitstamp Europe S.A.,549300XIBGTJ0PLIEO72,AT | BE | BG | CY | CZ | DE | DK | EE | ES | FI | FR | GR | HR | HU | IE | IS | IT | LI | LT | LU | LV | MT | NL | NO | PL | PT | RO | SE | SI | SK,DVRV6HSK5,3KXTVG1Q5,https://assets.bitstamp.net/docs/whitepaper/FLR_2026_06_10.xhtml,Note that the publication date for the white paper is 10/07/2026 at which point this record will be updated with the link.  ,12/06/2026
Commission de Surveillance du Secteur Financier (CSSF),LU,Bitstamp Europe S.A.,549300XIBGTJ0PLIEO72,LU,Bitstamp Europe S.A.,549300XIBGTJ0PLIEO72,AT | BE | BG | CY | CZ | DE | DK | EE | ES | FI | FR | GR | HR | HU | IE | IS | IT | LI | LT | LU | LV | MT | NL | NO | PL | PT | RO | SE | SI | SK,BJD0TZ8V1,FHJ2J54RT I 2CTQDCXM4,https://assets.bitstamp.net/docs/whitepaper/WLD_2026_06_10.xhtml,Note that the publication date for the white paper is 10/07/2026 at which point this record will be updated with the link.  ,12/06/2026
Commission de Surveillance du Secteur Financier (CSSF),LU,Bitstamp Europe S.A.,549300XIBGTJ0PLIEO72,LU,Bitstamp Europe S.A.,549300XIBGTJ0PLIEO72,AT | BE | BG | CY | CZ | DE | DK | EE | ES | FI | FR | GR | HR | HU | IE | IS | IT | LI | LT | LU | LV | MT | NL | NO | PL | PT | RO | SE | SI | SK,L7XQXLN44,C75S6N2RJ,https://assets.bitstamp.net/docs/whitepaper/BERA_2026_06_10.xhtml,Note that the publication date for the white paper is 10/07/2026 at which point this record will be updated with the link.  ,12/06/2026
Commission de Surveillance du Secteur Financier (CSSF),LU,New Frame Limited,,VG,,,AT | BE | BG | CY | CZ | DE | DK | EE | ES | FI | FR | GR | HR | HU | IE | IS | IT | LI | LT | LU | LV | MT | NL | NO | PL | PT | RO | SE | SI | SK,1XL95DVK1,DWWC0XPC3,https://checkmate.foundation/MiCA Whitepaper - Checkmate - CHECK.xhtml,Note that the publication date for the white paper is 28/07/2026 at which point this record will be updated with the link.  ,06/07/2026
Latvijas Banka,LV,Acurast Association,,,,,,,,https://docsend.com/view/vxyaenm9z2mfghg9,,05/06/2025
Latvijas Banka,LV,EquationX Ltd.,,,Bitpanda GmbH,5493007WZ7IFULIL8G21,,,,https://pell.network/pdf/pell-network-whitepaper-v1.0.pdf,,13/05/2025
Latvijas Banka,LV,MYX Technology Limited,,,,,,,,https://myxfinance.gitbook.io/myx/protocol/compliance,,05/06/2025
Latvijas Banka,LV,Propy Inc,,,Payward Europe Solutions Limited,,,,,https://propy.com/browse/wp-content/uploads/Propy-MiCA-WhitePaper-2025.pdf,,20/08/2025
Latvijas Banka,LV,Not Multiverse Ltd,,,Payward Europe Solutions Limited,,,,,https://almanak.co/almanak-mica-wp.pdf ,,26/09/2025
Latvijas Banka,LV,Zee World Association,,,,,,,,https://cdn.forest.inc/docs/whitepaper.pdf,,20/10/2025
Latvijas Banka,LV,BlockBen SIA,254900BBV7FA7LUG5913,,BlockBen SIA,254900BBV7FA7LUG5913,AT|BE|BG|HR|CY|CZ|DK|EE|FI|FR|DE|GR|HU|IS|IE|IT|LV|LI|LT|LU|MT|NL|NO|PL|PT|RO|SK|SI|ES|SE,,,https://crowdedhero.com/legal/crowdx_whitepaper ,,04/12/2025
Latvijas Banka,LV,BlockBen SIA,254900BBV7FA7LUG5913,,BlockBen SIA,254900BBV7FA7LUG5913,AT|BE|BG|HR|CY|CZ|DK|EE|FI|FR|DE|GR|HU|IS|IE|IT|LV|LI|LT|LU|MT|NL|NO|PL|PT|RO|SK|SI|ES|SE,P3X0N9DDQ,CRV5Q842B,https://blockben.com/en/products/ebso ,modification v.2 as of 26 June 2026,26/06/2026
Latvijas Banka,LV,BlockBen SIA,254900BBV7FA7LUG5913,,BlockBen SIA,254900BBV7FA7LUG5913,AT|BE|BG|HR|CY|CZ|DK|EE|FI|FR|DE|GR|HU|IS|IE|IT|LV|LI|LT|LU|MT|NL|NO|PL|PT|RO|SK|SI|ES|SE,8PCKDKQQN,GM8G2QJDZ,https://blockben.com/en/products/holoverz,modification v.2 as of 9 July 2026,09/07/2026
Latvijas Banka,LV,BlockBen SIA,254900BBV7FA7LUG5913,,BlockBen SIA,254900BBV7FA7LUG5913,AT|BE|BG|HR|CY|CZ|DK|EE|FI|FR|DE|GR|HU|IS|IE|IT|LV|LI|LT|LU|MT|NL|NO|PL|PT|RO|SK|SI|ES|SE,72WPCH3FG,PLS8BD23K,https://vendomatiq.com/tico/whitepaper.pdf,,09/04/2026
Latvijas Banka,LV,Comet Technologies Ltd.,,VG,Bitvavo,,AT|BE|BG|HR|CY|CZ|DK|EE|FI|FR|DE|GR|HU|IE|IT|LV|LT|LU|MT|NL|PL|PT|RO|SK|SI|ES|SE,,,https://gitbook.zignaly.com/white-paper,,05/11/2025
Latvijas Banka,LV,Gen6 USA LLC,,,Gen6 USA LLC,,AT|BE|BG|HR|CY|CZ|DK|EE|FI|FR|DE|GR|HU|IE|IT|LV|LT|LU|MT|NL|PL|PT|RO|SK|SI|ES|SE,6847PC6BH,GQWFR0JMD,https://gen6.me/filez/mica_full.html,,15/04/2026
Malta Financial Services Authority (MFSA),MT,Nillion Association,,CH,,,,,,https://nillion.com/legal/mica/whitepaper/,Modified,20/07/2026
Malta Financial Services Authority (MFSA),MT,Dot Vision Ltd,,MT,,,,,,https://landwolf.com/whitepaper/,,02/12/2025
Malta Financial Services Authority (MFSA),MT,OndoAI Technology Ltd.,,GB,,,,,,https://ondoai.org/docs/ondo+K5,,18/02/2025
Malta Financial Services Authority (MFSA),MT,Aivalanche LLC,,VC,,,,,,https://docs.avaxai.org/mica+K5,,26/02/2025
Malta Financial Services Authority (MFSA),MT,Evercrest Technologies,,PA,,,,,,https://kerneldao.com/whitepapers/EvercrestTechnologies-MiCAWhitepaper(final).pdf,,26/02/2025
Malta Financial Services Authority (MFSA),MT,Progress Malta LTd,,MT,,,,,,https://progress.mt/aqos-whitepaper/,,28/03/2025
Malta Financial Services Authority (MFSA),MT,WalletConnect Limited,,VG,,,,,,https://walletconnect.notion.site/WalletConnect-Limited-MiCA-Whitepaper-1ce3a661771e80439b95df210431ed6e,,24/03/2025
Malta Financial Services Authority (MFSA),MT,Shardeum Foundation,,CH,,,,,,https://shardeum.org/Mica.pdf,,30/07/2025
Malta Financial Services Authority (MFSA),MT,OpenKaito Foundation,254900TSVY02DCZPYH91,KY,,,,,,https://docs.kaito.ai/mica-whitepaper,,21/05/2025
Malta Financial Services Authority (MFSA),MT,Divine Ray Limited,,MT,,,,,,https://divineray.ca/White%20Paper.pdf,,06/11/2025
Malta Financial Services Authority (MFSA),MT,Midnight TGE Ltd,,VG,,,,,,https://45047878.fs1.hubspotusercontent-na1.net/hubfs/45047878/NIGHT%20MiCA%20White%20Paper.pdf,,11/06/2026
Malta Financial Services Authority (MFSA),MT,Lagrange (BVI) Limited,,VG,,,,,,https://www.lagrangefoundation.org/lagrange_MiCA_Whitepaper.pdf,,11/06/2026
Malta Financial Services Authority (MFSA),MT,Distributed Logic Inc,,KY,,,,,,https://mira.network/_internal/docs/compliance/archive/2025-05-23/385e2a9f71/MiCA.pdf,,16/07/2025
Malta Financial Services Authority (MFSA),MT,Golden Fields Partners Limited,,VG,,,,,,https://token.pump.fun/pump-whitepaper-09-26.pdf,,30/09/2025
Malta Financial Services Authority (MFSA),MT,Spark Foundation,,KY,,,,,,https://docs.spark.fi/mica ,Modified,08/08/2025
Malta Financial Services Authority (MFSA),MT,Plasma Inc.,,VG,,,,,,https://eur04.safelinks.protection.outlook.com/?url=https%3A%2F%2Fdrive.google.com%2Ffile%2Fd%2F1kw2CfXp0SLPGkitm6v814vmTtWOQTYBw%2Fview&data=05%7C02%7CChristian.Bonello%40mfsa.mt%7Cb0d47aea347245b0ee1c08ddcf769d3f%7C8410b6b8f588443a9e60c749811fbe5f%7C1%7C0%7C638894830538812375%7CUnknown%7CTWFpbGZsb3d8eyJFbXB0eU1hcGkiOnRydWUsIlYiOiIwLjAuMDAwMCIsIlAiOiJXaW4zMiIsIkFOIjoiTWFpbCIsIldUIjoyfQ%3D%3D%7C0%7C%7C%7C&sdata=Pm5SwLkP5Kl5zYDnjEWbwhnNGGQzrNpJmRLTVwOUWfo%3D&reserved=0,,08/08/2025
Malta Financial Services Authority (MFSA),MT,Stakeinfra Technologies Inc.,,PA,,,,,,https://www.staderlabs.com/docx/whitepapers/StakeinfraTechnologies-MiCAWhitepaper.pdf,,11/06/2026
Malta Financial Services Authority (MFSA),MT,The Chiliz Group Limited,,MT,,,,,,https://www.chiliz.com/wp-content/uploads/2025/07/Chiliz-Whitepaper-2025.pdf,,11/06/2026
Malta Financial Services Authority (MFSA),MT,Aerodrome Foundation,,KY,,,,,,https://aerodrome.finance/documents/AERO/legal-disclosures.pdf,,13/08/2025
Malta Financial Services Authority (MFSA),MT,Velodrome Foundation,,KY,,,,,,https://velodrome.finance/documents/VELO/legal-disclosures.pdf,,13/08/2025
Malta Financial Services Authority (MFSA),MT,Rollup Chains Ltd,,VG,,,,,,https://github.com/sophon-org/whitepaper/blob/main/sophon-whitepaper.pdf,,13/08/2025
Malta Financial Services Authority (MFSA),MT,Magic Newton Foundry Ltd,,VG,,,,,,https://mica.newt.foundation/,Modified,03/02/2026
Malta Financial Services Authority (MFSA),MT,Aprameio Ltd,,VG,,,,,,https://learn.apraemio.com/about-us/whitepaper ,,14/08/2025
Malta Financial Services Authority (MFSA),MT,InFlux Technologies Limited,,GB,,,,,,https://runonflux.com/flux-token-mica-whitepaper/,,14/08/2025
Malta Financial Services Authority (MFSA),MT,Story Foundation,,KY,,,,,,https://docs.story.foundation/foundation/mica#mica-whitepaper,,20/08/2025
Malta Financial Services Authority (MFSA),MT,Solayer Inc,,PA,,,,,,https://github.com/solayer-labs/solayer-improvement-proposal/blob/main/whitepapers/mica-whitepaper.xlsx,,09/03/2025
Malta Financial Services Authority (MFSA),MT,NDSE Cyber Ltd,,BS,,,,,,https://docsend.com/view/rgsjscruiiu6v7c8,,22/09/2025
Malta Financial Services Authority (MFSA),MT,The BOB Foundation,,KY,,,,,,https://docs.gobob.xyz/docs/reference/mica-whitepaper,,12/11/2025
Malta Financial Services Authority (MFSA),MT,QuantID Systems Inc.,,PA,,,,,,https://store.s.technology/wp-content/uploads/2025/09/serenity-white-paper-2025-legal.pdf,,11/06/2026
Malta Financial Services Authority (MFSA),MT,Camp Issuer Inc.,,KY,,,,,,https://www.campnetwork.xyz/whitepaper,,30/09/2025
Malta Financial Services Authority (MFSA),MT,Socios Services Limited,,MT,,,,,,https://www.socios.com/legal-hub/tokens/whitepapers/bar-whitepaper/en/,,08/10/2025
Malta Financial Services Authority (MFSA),MT,Socios Technologies AG,,CH,,,,,,https://www.socios.com/legal-hub/tokens/whitepapers/city-whitepaper/en/,,11/06/2026
Malta Financial Services Authority (MFSA),MT,Kratos Studios Limited,,VG,,,,,,https://token.kgen.io/KGEN%20-%20MiCA%20Whitepaper.pdf,,14/10/2025
Malta Financial Services Authority (MFSA),MT,SSV Network Operations Ltd,,VG,,,,,,https://ssv.network/wp-content/uploads/2025/10/250814-SSV-Token_White-Paper_final.pdf,,11/06/2026
Malta Financial Services Authority (MFSA),MT,ResearchHub Foundation,,KY,,,,,,https://drive.google.com/file/d/1RcXx8QenAMNA1lkmKmrPwaQm-Wv3WFNP/view,,14/10/2025
Malta Financial Services Authority (MFSA),MT,Quai Foundation,,KY,,,,,,https://qu.ai/wp-content/uploads/2025/08/2025.07.19-Quai-Foundation-Quai-MiCA-Whitepaper.pdf ,,16/10/2025
Malta Financial Services Authority (MFSA),MT,Value Standard Corporation,,VG,,,,,,"https://drive.google.com/file/d/1mq6eqe8NKhv0mbTL3Bjw1qghzhsVZSGg/view , ",,16/10/2025
Malta Financial Services Authority (MFSA),MT,Rize Labs Inc.,,PA,,,,,,https://www.mmt.finance/micawhitepaper,,16/10/2025
Malta Financial Services Authority (MFSA),MT,Common Foundation,,KY,,,,,,https://www.common.foundation/mica-whitepaper,,17/10/2025
Malta Financial Services Authority (MFSA),MT,Sonik Foundation,,VG,,,,,,https://www.moonwalkfoundation.org/mf-whitepaper.pdf,,20/10/2025
Malta Financial Services Authority (MFSA),MT,Orbit Technologies Limited,,VG,,,,,,https://rolling-filters.s3.us-east-1.amazonaws.com/20250912_OrbitTechnologiesLimited_Whitepaper_ATTR_MiCA_PDF.pdf,,20/10/2025
Malta Financial Services Authority (MFSA),MT,Socios Services Limited,,MT,,,,,,https://www.socios.com/legal-hub/tokens/whitepapers/asr-whitepaper/en/,,21/10/2025
Malta Financial Services Authority (MFSA),MT,Socios Services Limited,,MT,,,,,,https://www.socios.com/legal-hub/tokens/whitepapers/juv-whitepaper/en/,,21/10/2025
Malta Financial Services Authority (MFSA),MT,Socios Technologies AG,,CH,,,,,,https://www.socios.com/legal-hub/tokens/whitepapers/acm-whitepaper/en/,,11/06/2026
Malta Financial Services Authority (MFSA),MT,Socios Services Limited,,MT,,,,,,https://www.socios.com/legal-hub/tokens/whitepapers/psg-whitepaper/en/,,21/10/2025
Malta Financial Services Authority (MFSA),MT,Socios Services Limited,,MT,,,,,,https://www.socios.com/legal-hub/tokens/whitepapers/og-whitepaper/en/,,21/10/2025
Malta Financial Services Authority (MFSA),MT,Socios Services Limited,,MT,,,,,,https://www.socios.com/legal-hub/tokens/whitepapers/atm-whitepaper/en/,,21/10/2025
Malta Financial Services Authority (MFSA),MT,Socios Technologies AG,,CH,,,,,,https://www.socios.com/legal-hub/tokens/whitepapers/spurs-whitepaper/en/,,11/06/2026
Malta Financial Services Authority (MFSA),MT,Socios Services Limited,,MT,,,,,,https://www.socios.com/legal-hub/tokens/whitepapers/gal-whitepaper/en/,,21/10/2025
Malta Financial Services Authority (MFSA),MT,Socios Technologies AG,,CH,,,,,,https://www.socios.com/legal-hub/tokens/whitepapers/arg-whitepaper/en/,,11/06/2026
Malta Financial Services Authority (MFSA),MT,Socios Technologies AG,,CH,,,,,,https://www.socios.com/legal-hub/tokens/whitepapers/nap-whitepaper/en/,,11/06/2026
Malta Financial Services Authority (MFSA),MT,Socios Technologies AG,,CH,,,,,,https://www.socios.com/legal-hub/tokens/whitepapers/inter-whitepaper/en/,,11/06/2026
Malta Financial Services Authority (MFSA),MT,Socios Technologies AG,,CH,,,,,,https://www.socios.com/legal-hub/tokens/whitepapers/afc-whitepaper/en/,,11/06/2026
Malta Financial Services Authority (MFSA),MT,Socios Technologies AG,,CH,,,,,,https://www.socios.com/legal-hub/tokens/whitepapers/por-whitepaper/en/,,11/06/2026
Malta Financial Services Authority (MFSA),MT,Socios Services Limited,,MT,,,,,,https://www.socios.com/legal-hub/tokens/whitepapers/tra-whitepaper/en/,,21/10/2025
Malta Financial Services Authority (MFSA),MT,Socios Technologies AG,,CH,,,,,,https://www.socios.com/legal-hub/tokens/whitepapers/mengo-whitepaper/en/,,11/06/2026
Malta Financial Services Authority (MFSA),MT,Socios Technologies AG,,CH,,,,,,https://www.socios.com/legal-hub/tokens/whitepapers/sccp-whitepaper/en/,,11/06/2026
Malta Financial Services Authority (MFSA),MT,Socios Technologies AG,,CH,,,,,,https://www.socios.com/legal-hub/tokens/whitepapers/goz-whitepaper/en/,,11/06/2026
Malta Financial Services Authority (MFSA),MT,Socios Technologies AG,,CH,,,,,,https://www.socios.com/legal-hub/tokens/whitepapers/asm-whitepaper/en/,,11/06/2026
Malta Financial Services Authority (MFSA),MT,Socios Services Limited,,MT,,,,,,https://www.socios.com/legal-hub/tokens/whitepapers/ibfk-whitepaper/en/,,21/10/2025
Malta Financial Services Authority (MFSA),MT,Socios Technologies AG,,CH,,,,,,https://www.socios.com/legal-hub/tokens/whitepapers/spfc-whitepaper/en/,,11/06/2026
Malta Financial Services Authority (MFSA),MT,Socios Technologies AG,,CH,,,,,,https://www.socios.com/legal-hub/tokens/whitepapers/ita-whitepaper/en/,,11/06/2026
Malta Financial Services Authority (MFSA),MT,Socios Services Limited,,MT,,,,,,https://www.socios.com/legal-hub/tokens/whitepapers/efc-whitepaper/en/,,21/10/2025
Malta Financial Services Authority (MFSA),MT,Socios Technologies AG,,CH,,,,,,https://www.socios.com/legal-hub/tokens/whitepapers/flu-whitepaper/en/,,11/06/2026
Malta Financial Services Authority (MFSA),MT,Socios Technologies AG,,CH,,,,,,https://www.socios.com/legal-hub/tokens/whitepapers/sam-whitepaper/en/,,11/06/2026
Malta Financial Services Authority (MFSA),MT,Socios Technologies AG,,CH,,,,,,https://www.socios.com/legal-hub/tokens/whitepapers/vasco-whitepaper/en/,,11/06/2026
Malta Financial Services Authority (MFSA),MT,Socios Technologies AG,,CH,,,,,,https://www.socios.com/legal-hub/tokens/whitepapers/vcf-whitepaper/en/,,11/06/2026
Malta Financial Services Authority (MFSA),MT,Socios Technologies AG,,CH,,,,,,https://www.socios.com/legal-hub/tokens/whitepapers/avl-whitepaper/en/,,11/06/2026
Malta Financial Services Authority (MFSA),MT,Socios Technologies AG,,CH,,,,,,https://www.socios.com/legal-hub/tokens/whitepapers/benfica-whitepaper/en/,,11/06/2026
Malta Financial Services Authority (MFSA),MT,Socios Technologies AG,,CH,,,,,,https://www.socios.com/legal-hub/tokens/whitepapers/cpfc-whitepaper/en/,,11/06/2026
Malta Financial Services Authority (MFSA),MT,Socios Technologies AG,,CH,,,,,,https://www.socios.com/legal-hub/tokens/whitepapers/gfk-whitepaper/en/,,11/06/2026
Malta Financial Services Authority (MFSA),MT,Socios Technologies AG,,CH,,,,,,https://www.socios.com/legal-hub/tokens/whitepapers/tigres-whitepaper/en/,,11/06/2026
Malta Financial Services Authority (MFSA),MT,Socios Technologies AG,,CH,,,,,,https://www.socios.com/legal-hub/tokens/whitepapers/chvs-whitepaper/en/,,11/06/2026
Malta Financial Services Authority (MFSA),MT,Socios Technologies AG,,CH,,,,,,https://www.socios.com/legal-hub/tokens/whitepapers/rso-whitepaper/en/,,11/06/2026
Malta Financial Services Authority (MFSA),MT,Socios Technologies AG,,CH,,,,,,https://www.socios.com/legal-hub/tokens/whitepapers/verdao-whitepaper/en/,,11/06/2026
Malta Financial Services Authority (MFSA),MT,Linea Association,,CH,,,,,,https://drive.google.com/file/d/1IxlI8I3txDaO1aCAgF4vwogiU5zJHTtT/view,,28/10/2025
Malta Financial Services Authority (MFSA),MT,Boundless Foundation,,KY,,,,,,https://mica.boundless.network/,,28/10/2025
Malta Financial Services Authority (MFSA),MT,Nexo Capital Inc.,,KY,,,,,,https://files.nexo.com/nexo-token-white-paper.pdf,,28/10/2025
Malta Financial Services Authority (MFSA),MT,Bonzo Reserve Ltd,,KY,,,,,,https://docs.bonzo.finance/hub/legal/micar-whitepaper,,11/06/2026
Malta Financial Services Authority (MFSA),MT,Simple Action Limited,,VG,,,,,,https://pengu.pudgypenguins.com/,,28/10/2025
Malta Financial Services Authority (MFSA),MT,PiBit Ltd.,,VG,,,,,,https:/minepi.com/wp-content/uploads/2025/11/MiCA-Whitepaper-Pi-1.pdf,,11/06/2026
Malta Financial Services Authority (MFSA),MT,Movement Network Foundation,,KY,,,,,,https://www.movementnetwork.xyz/micar,,11/12/2025
Malta Financial Services Authority (MFSA),MT,Succint Foundation,,KY,,,,,,pdf.succinct.foundation,,21/11/2025
Malta Financial Services Authority (MFSA),MT,Render Network Foundation,,MT,,,,,,https://www.okx.com/en-eu/learn/render-white-paper,,21/11/2025
Malta Financial Services Authority (MFSA),MT,Socios Technologies AG,,CH,,,,,,https://www.socios.com/legal-hub/tokens/whitepapers/ALA-whitepaper/en/,,21/11/2025
Malta Financial Services Authority (MFSA),MT,Socios Services Limited,,MT,,,,,,https://www.socios.com/legal-hub/tokens/whitepapers/CAI-whitepaper/en/,,21/11/2025
Malta Financial Services Authority (MFSA),MT,Socios Technologies AG,,CH,,,,,,https://www.socios.com/legal-hub/tokens/whitepapers/FOR-whitepaper/en/,,21/11/2025
Malta Financial Services Authority (MFSA),MT,Socios Technologies AG,,CH,,,,,,https://www.socios.com/legal-hub/tokens/whitepapers/GALO-whitepaper/en/,,21/11/2025
Malta Financial Services Authority (MFSA),MT,Socios Technologies AG,,CH,,,,,,https://www.socios.com/legal-hub/tokens/whitepapers/LEG-whitepaper/en/,,21/11/2025
Malta Financial Services Authority (MFSA),MT,Socios Services Limited,,MT,,,,,,https://www.socios.com/legal-hub/tokens/whitepapers/STV-whitepaper/en/,,21/11/2025
Malta Financial Services Authority (MFSA),MT,Socios Services Limited,,MT,,,,,,https://www.socios.com/legal-hub/tokens/whitepapers/YBO-whitepaper/en/,,21/11/2025
Malta Financial Services Authority (MFSA),MT,Socios Services Limited,,MT,,,,,,https://www.socios.com/legal-hub/tokens/whitepapers/TH-whitepaper/en/,,21/11/2025
Malta Financial Services Authority (MFSA),MT,Socios Technologies AG,,CH,,,,,,https://www.socios.com/legal-hub/tokens/whitepapers/SEVILLA-whitepaper/en/,,21/11/2025
Malta Financial Services Authority (MFSA),MT,Socios Technologies AG,,CH,,,,,,https://www.socios.com/legal-hub/tokens/whitepapers/PFL-whitepaper/en/,,21/11/2025
Malta Financial Services Authority (MFSA),MT,Socios Technologies AG,,CH,,,,,,https://www.socios.com/legal-hub/tokens/whitepapers/LUFC-whitepaper/en/,,21/11/2025
Malta Financial Services Authority (MFSA),MT,Socios Services Limited,,MT,,,,,,https://www.socios.com/legal-hub/tokens/whitepapers/ALL-whitepaper/en/,,21/11/2025
Malta Financial Services Authority (MFSA),MT,Socios Technologies AG,,CH,,,,,,https://www.socios.com/legal-hub/tokens/whitepapers/SACI-whitepaper/en/,,21/11/2025
Malta Financial Services Authority (MFSA),MT,Energy Web Foundation,,CH,,,,,,http://energyweb.org/documents/micawhitepaper.pdf,,21/11/2025
Malta Financial Services Authority (MFSA),MT,Virtuals Protocol,,MY,,,,,,https://www.okx.com/en-eu/learn/aixbt-white-paper,,21/11/2025
Malta Financial Services Authority (MFSA),MT,Socios Technologies AG,,CH,,,,,,https://www.socios.com/legal-hub/tokens/whitepapers/persija-whitepaper/en/,,21/11/2025
Malta Financial Services Authority (MFSA),MT,WINkLink Tech Limited,,VG,,,,,,https://winklink.org/doc/WIN-MiCA_Whitepaper.pdf,,22/12/2025
Malta Financial Services Authority (MFSA),MT,Orange Atlas Limited,,VG,,,,,,https://files.gitbook.com/v0/b/gitbook-x-prod.appspot.com/o/spaces%2FR3exf7Y6dudZJ0Pn3fNK%2Fuploads%2Fzg9SkA6qItUTen4CaYj8%2F2025.10.28%20-%20HTX%20-%20MiCA%20Whitepaper.pdf?alt=media&token=5ebb19fe-5855-4077-9c55-00aff91e170f,,22/12/2025
Malta Financial Services Authority (MFSA),MT,Tron Tech Limited,,SG,,,,,,https://trondao.org/files/TRX-MiCA_Whitepaper.pdf,,11/06/2026
Malta Financial Services Authority (MFSA),MT,SUN Technology Network Limited,,SG,,,,,,https://sf.sun.io/sun_mica_whitepaper_2025_10_28_1.pdf,,11/06/2026
Malta Financial Services Authority (MFSA),MT,Steemit Ltd.,,SC,,,,,,https://steem.com/STEEM-MiCA_Whitepaper.pdf,,22/12/2025
Malta Financial Services Authority (MFSA),MT,BitTorrent Tech Limited,,VG,,,,,,https://bt.io/doc/BTT-MiCA_Whitepaper.pdf,,22/12/2025
Malta Financial Services Authority (MFSA),MT,JUST Tech Limited,,SG,,,,,,https://just.network/docs/JSTMiCAWhitepaper.pdf,,11/06/2026
Malta Financial Services Authority (MFSA),MT,Axiom Foundation,,VG,,,,,,https://cdn.prod.website-files.com/661ebf685168207d75d48ad9/69441dfeff6656aa0f1b9956_Axiom%20GOLF%20White%20Paper%20-%20revised%20version.pdf,,11/06/2026
Malta Financial Services Authority (MFSA),MT,Glorious Meme Inc,,VG,,,,THW1BFN8J,CX0WF9HMH,https://www.okx.com/en-eu/learn/memecoin-white-paper,,01/07/2026
Malta Financial Services Authority (MFSA),MT,Illuvium Labs Pty Ltd,,AU,,,,1J74CCB0S,Q6FXWGJDK,https://www.okx.com/en-eu/learn/illuvium-white-paper,,01/07/2026
Malta Financial Services Authority (MFSA),MT,Alchemy GPS Europe UAB,,LT,,,,1J74CCB0S,Q6FXWGJDK,https://www.okx.com/en-eu/learn/illuvium-white-paper,,01/07/2026
Malta Financial Services Authority (MFSA),MT,Raydium Holding Foundation,,SG,,,,HQ7NNGC6R,BL6GMJNDW | ZVN4X2WTS,https://www.okx.com/learn/raydium-white-paper,,01/07/2026
Malta Financial Services Authority (MFSA),MT,Ether.Fi SEZC,,KY,,,,RJTJR45MC,9GGBS7NSH,https://www.okx.com/learn/ether-fi-white-paper,,01/07/2026
Malta Financial Services Authority (MFSA),MT,Parcl Limited,,VG,,,,JPJ2QRH6R,"355Z5DX3P
",https://www.okx.com/learn/parcl-white-paper,,01/07/2026
Malta Financial Services Authority (MFSA),MT,Recursiverse,,,,,,NW1M13H3L,35P9H56X5,https://www.okx.com/learn/merlin-chain-white-paper,,01/07/2026
Malta Financial Services Authority (MFSA),MT,"Banger, Inc.",,US,,,,5HPLWBHDP,25K78MWWR,https://www.okx.com/learn/pixels-white-paper,,01/07/2026
Malta Financial Services Authority (MFSA),MT,Safe Ökosystem Stiftung (Safe Ecosystem Foundation),,CH,,,,GLNXBZWH5,VQQNZSQ1H,https://www.okx.com/learn/safe-white-paper,,01/07/2026
Malta Financial Services Authority (MFSA),MT,"Gentlemen Labs, Inc.",,US,,,,253CXJJ4H,77QNGTQ95,https://www.okx.com/learn/degen-white-paper,,01/07/2026
Malta Financial Services Authority (MFSA),MT,BANANAGUN LTD,,BS,,,,5WZXL33SN,V4X8PQ8FF,https://www.okx.com/learn/banana-gun-white-paper,,01/07/2026
Malta Financial Services Authority (MFSA),MT,Bera Chain Foundation,,,,,,L7XQXLN44,C75S6N2RJ,https://www.okx.com/learn/berachain-white-paper,,01/07/2026
Malta Financial Services Authority (MFSA),MT,"World Liberty Financial, Inc",,US,,,,3XVWCVFSX,ZLZ08WV6N | H50D9HB3K |J75VP8MPH,https://www.okx.com/learn/world-liberty-financial-white-paper,,01/07/2026
Malta Financial Services Authority (MFSA),MT,"Doodles, LLC",,US,,,,KF6RX3LR1,K9LQNXSP1,https://www.okx.com/learn/doodles-white-paper,,01/07/2026
Malta Financial Services Authority (MFSA),MT,Virtuals Protocol,,MY,,,,7WMBV0R29,4MRQJ9KZX | N8DL4NDHC | FPRDP6XFW,https://www.okx.com/learn/virtuals-protocol-white-paper,,01/07/2026
Malta Financial Services Authority (MFSA),MT,Hyper Foundation,,KY,,,,HLTPNVXN0,80W43TV26,https://www.okx.com/learn/hyperliquid-white-paper,,01/07/2026
Malta Financial Services Authority (MFSA),MT,World Assets Limited,,VG,,,,BJD0TZ8V1,2CTQDCXM4,https://www.okx.com/learn/worldcoin-white-paper,,01/07/2026
Malta Financial Services Authority (MFSA),MT,Ape Foundation,,KY,,,,7WKVRWPNR,55K9KLJ40 | LLV8HGVBS,https://www.okx.com/learn/apecoin-white-paper,,01/07/2026
Malta Financial Services Authority (MFSA),MT,"Blockchain Game Partners, Inc",,US,,,,XS363HTZB,M7C8L07RX | J64P5J1LV,https://www.okx.com/learn/gala-white-paper,,01/07/2026
Malta Financial Services Authority (MFSA),MT,Resolv Digital Assets Ltd,,AE,,,,,,https://www.okx.com/learn/resolv-white-paper,,01/07/2026
Malta Financial Services Authority (MFSA),MT,Fight Fight Fight LLC,,US,,,,LJDPGNXXK,3R313RR9C,https://www.okx.com/learn/official-trump-white-paper,,01/07/2026
Malta Financial Services Authority (MFSA),MT,Bio.xyz Association,,,,,,TBR0XDRN8,H0TL06GPZ | MFT7HMS7F | 7X0W2C94Z,https://www.okx.com/learn/bio-protocol-white-paper,,01/07/2026
Malta Financial Services Authority (MFSA),MT,Wayfinder Foundation,,,,,,3DFF12GSV,RM94CQH5S | 3D68L1J0X,https://www.okx.com/learn/wayfinder-white-paper,,01/07/2026
Malta Financial Services Authority (MFSA),MT,"Upshot Technologies, Inc. (Allora Labs)",,US,,,,,,https://www.okx.com/learn/allora-white-paper,,01/07/2026
Malta Financial Services Authority (MFSA),MT,Sei Foundation,,SG,,,,XCDVP53WR,P4JBC8R50,https://www.okx.com/learn/sei-white-paper,,01/07/2026
Malta Financial Services Authority (MFSA),MT,MiCA Crypto Alliance Opco Limited,,MT,,,,CCCWM2C2N,2L8HS2MNP,https://storage.googleapis.com/exponential-science-project1.appspot.com/IXBRL/BSV-iXBRL-WP-CORR-V2/BSV-WP-viewer.xhtml#,,07/04/2026
Malta Financial Services Authority (MFSA),MT,Kamino Global Limited,,VG,,,,,,https://741543836-files.gitbook.io/~/files/v0/b/gitbook-x-prod.appspot.com/o/spaces%2FDGxGrFuaWUFzMv9IjZMP%2Fuploads%2Fm9ds89xUVNdbsOYr76pd%2FKamino%20Finance%20-%20MiCA%20Whitepaper.pdf?alt=media&token=0ded2ae9-af5d-4670-8bfc-3a6ad4e078a7,,16/01/2026
Malta Financial Services Authority (MFSA),MT,Infrared Operations Limited,,VG,,,,,,https://infrared.finance/MiCAWhitepaper.pdf,,03/02/2026
Malta Financial Services Authority (MFSA),MT,Fabric Protocol Limited,,VG,,,,,LTQ1VLH1X,https://assets.fabric.foundation/whitepaper/micawhitepaper.pdf,Modified,11/06/2026
Malta Financial Services Authority (MFSA),MT,Aux Cayes FinTech Co. Ltd.,,SC,,,,ZFHMD8JNR,605NMSTKP,https://www.okx.com/en-eu/learn/okb-white-paper,Modified,13/05/2026
Malta Financial Services Authority (MFSA),MT,Superior Performance Limited,,VG,,,,,1BD7PFVBR,https://www.megaeth.com/,,20/02/2026
Malta Financial Services Authority (MFSA),MT,LayerDrone Inc.,,VG,,,,6PM4VCV3K,CTN8VQZQ1,https://layerdrone.org/MiCA,,23/02/2026
Malta Financial Services Authority (MFSA),MT,Alliance Labs Ltd.,,VG,,,,KH367PDGM,"KBFZV1HKK
W9T0LXCDN",https://alliance.foundation/MICAWhitepaper,,23/02/2026
Malta Financial Services Authority (MFSA),MT,Fluent (BVI) Limited,,VG,,,,GNL7G95JR,9JDRM54GC,https://cdn.fluentfoundation.xyz/whitepaper.pdf,,20/02/2026
Malta Financial Services Authority (MFSA),MT,ARBIT TECHNOLOGY LIMITED,,MT,,,,FN6B2C8M1,GGT84X845,https://arbittechnologyltd.com/wp-content/uploads/2026/03/20260313_arbittechnologyltd_ABTKwhitepaper_V5.xhtml,,13/03/2026
Malta Financial Services Authority (MFSA),MT,Fan Token Management AG,,CH,,,,92S9VDWP8,QV5SZ9T65,https://www.socios.com/legal-hub/tokens/whitepapers/persija-whitepaper/en/xbrl,,27/03/2026
Malta Financial Services Authority (MFSA),MT,Kinetiq (BVI) Ltd,,VG,,,,4F332B2CD,"	ZFDNRDRL9",https://kinetiq.xyz/legal/mica-whitepaper,,15/04/2026
Malta Financial Services Authority (MFSA),MT,Fan Token Management AG,,CH,,,,B3KJ03GT3,6R36MG88V,https://www.socios.com/legal-hub/tokens/whitepapers/sfa-whitepaper/en/v1.0/xbrl,,29/04/2026
Malta Financial Services Authority (MFSA),MT,Fan Token Management AG,,CH,,,,G1HFG9KLK,81KLHJNF2,https://www.socios.com/legal-hub/tokens/whitepapers/safa-whitepaper/en/v1.0/xbrl,,29/04/2026
Malta Financial Services Authority (MFSA),MT,Fan Token Management AG,,CH,,,,Q1WC0S9JD,W4D7PX34C,https://www.socios.com/legal-hub/whitepaper/belg-whitepaper/ ,,13/05/2026
Malta Financial Services Authority (MFSA),MT,Fan Token Management AG,,CH,,,,HPX1RCL7J,DL5TKK6QM,https://www.socios.com/legal-hub/whitepaper/spain-whitepaper/ ,,14/05/2026
Malta Financial Services Authority (MFSA),MT,Grass OpCo Ltd.,,VG,,,,MNCR2MKHP,LDQ7G0HM4,https://my.okx.com/whitepaper/grass-grass.xhtml ,,15/05/2026
Malta Financial Services Authority (MFSA),MT,Squid (BVI) Ltd.,,VG,,,,B96JHLG3J,"LFQR851TB
H949LTL82",https://squidrouter.com/MICAWhitepaper,,03/06/2026
Malta Financial Services Authority (MFSA),MT,Supernormal OpCo BVI LT,,VG,,,,XBDR8Q5QM,XBDR8Q5QM,https://mezo.org/docs/MEZO_MiCA_whitepaper,,11/06/2026
Malta Financial Services Authority (MFSA),MT,MiCA Crypto Alliance Opco Limited,,MT,,,,2R50HSCVB,1GS8GZGXV,https://storage.googleapis.com/exponential-science-project1.appspot.com/IXBRL/ZCHF%20-%2029-05-2026/ZCHF-viewer.xhtml,,16/06/2026
Malta Financial Services Authority (MFSA),MT,SellBuyPlay Limited,,MT,,,,"
RP7PWJZQ5",RBGLH13DH,https://www.sellbuyplay.com/white-paper.xhtml,,25/06/2026
Malta Financial Services Authority (MFSA),MT,Based Foundation,,MT,,,,Q2537P85K,"713C8WJPM
Q3H99491J
WSNQSD82H",https://my.okx.com/whitepaper/based-based.xhtml,,08/07/2026
Malta Financial Services Authority (MFSA),MT,"	
Open Oracle Association",,CH,,,,KWWTM5J5T,JM711P4L2,https://www.seda.xyz/whitepaper,,08/07/2026
Malta Financial Services Authority (MFSA),MT,Opentensor Foundation,,CA,,,,6N7FD6DBX,LBQFC0FVK,https://my.okx.com/whitepaper/bittensor-tao.xhtml,,13/07/2026
Malta Financial Services Authority (MFSA),MT,Opentensor Foundation,,CA,,,,6N7FD6DBX,LBQFC0FVK,https://my.okx.com/whitepaper/bittensor-tao.xhtml,,13/07/2026
Malta Financial Services Authority (MFSA),MT,Golden Token SA,,CH,,,,FKNJRHHWQ,ZVPCTQWQT,https://files.dgld.ch/dgld-white-paper.pdf,,24/07/2026
Malta Financial Services Authority (MFSA),MT,Midnight TGE Ltd.,,VG,,,,3XKBBLRKC,7RDLF2HF6,https://www.midnight.gd/night-mica-white-paper,,12/08/2026
Malta Financial Services Authority (MFSA),MT,QuantID Systems Inc,,PA,,,,Q43DT3QLV,F759V559X,https://api.s.technology/wp-content/uploads/2026/08/WhitePaper-RWS-Token_v8.xhtml,,12/08/2026
Netherlands Authority for the Financial Markets (AFM),NL,Multiverse Asset Limited,,,,,,,,https://zentry.com/micar_whitepaper,wp update,17/06/2025
Netherlands Authority for the Financial Markets (AFM),NL,TBT Global Ltd,,,,,,,,https://docs.avalonfinance.xyz/avl-governance-token/avl-tokenomics,wp update,02/07/2025
Netherlands Authority for the Financial Markets (AFM),NL,MDPR Limited,,,,,,,,https://static.moca.foundation/mica_whitepaper.pdf,wp update,24/06/2025
Netherlands Authority for the Financial Markets (AFM),NL,Vertical Studio,,,,,,,,http://www.verticalstudio.ai/whitepaper,wp update,23/06/2025
Netherlands Authority for the Financial Markets (AFM),NL,Gaia Labs Corp,,,,,,,,https://docs.treehouse.finance/protocol/legal/micar-whitepaper,wp update,13/06/2025
Netherlands Authority for the Financial Markets (AFM),NL,Sign Foundation,,,,,,,,https://sign.global/v2_Sign_SIGN_MiCA_Whitepaper.pdf,wp update,05/06/2025
Netherlands Authority for the Financial Markets (AFM),NL,Xterio Stiftung,,,,,,,,https://www.xterio.foundation/,wp update,30/06/2025
Netherlands Authority for the Financial Markets (AFM),NL,Humanity Reserve Limited,,,,,,,,https://cdn.humanity.org/Humanity_Reserve_white_Paper.html,wp update,11/08/2025
Netherlands Authority for the Financial Markets (AFM),NL,Spacefroot Ltd,,,,,,,,https://docs.google.com/document/d/1ld94unNA1UQ9j9xuFGvv-AP1Mba4FADDzzN74qoA44w/edit?usp=drivesdk,wp update,09/07/2025
Netherlands Authority for the Financial Markets (AFM),NL,Stichting Tonomy,,,,,,,,https://github.com/Tonomy-Foundation/documentation/blob/e73fa50594315059cab852e5d99c76ac3f28c030/whitepapers/Tonomy%20%26%20TONO%20-%20MICA%20Notified%20Whitepaper%20v2.8.pdf?raw=true,wp update,21/10/2025
Netherlands Authority for the Financial Markets (AFM),NL,Eclipse OpCo ltd,,,,,,,,https://docs.eclipse.xyz/,wp update,04/08/2025
Netherlands Authority for the Financial Markets (AFM),NL,World Mobile Token bvi ltd,,,,,,,,https://www.worldmobiletoken.com/mica_whitepaper_wmtx.pdf,wp update,05/08/2025
Netherlands Authority for the Financial Markets (AFM),NL,Bitlayer Foundation,,,,,,,,https://docs.bitlayer.org/docs/Build/GettingStarted/QuickStart/,wp update,27/08/2025
Netherlands Authority for the Financial Markets (AFM),NL,Animecoin Foundation,,,,,,,,https://www.anime.xyz/anime_mica_whitepaper.pdf ,wp update,08/07/2025
Netherlands Authority for the Financial Markets (AFM),NL,EstateX bv,,,,,,,,https://drive.google.com/file/d/125YNhF1Kr2A_-epdkYja1yKwkUUs_tdV/view?usp=drive_link,wp update,12/08/2025
Netherlands Authority for the Financial Markets (AFM),NL,Solv Legos ltd,,,,,,,,https://docs.solv.finance/,wp update,08/07/2025
Netherlands Authority for the Financial Markets (AFM),NL,Avantis Foundation,,,,,,,,https://www.avantisfi.com/static/micar-outline.pdf,wp update,03/08/2025
Netherlands Authority for the Financial Markets (AFM),NL,Wandilla Holdings Limited,254900VUJZADND4ASW88,VG,,,AT | BE | BG | CY | CZ | DE | DK | EE | ES | FI | FR | GR | HR | HU | IE | IS | IT | LI | LT | LU | LV | MT | NL | NO | PL | PT | RO | SE | SI | SK,HFKC0NXKJ,W87LBV98Z |N6Q82SW8Q | 1XVWJFM70 | S5HLN69Z3,https://verona.micarwhitepapers.eu,wp update,05/08/2026
Netherlands Authority for the Financial Markets (AFM),NL,Union Build,,,,,,,,https://docs.union.build/,wp update,12/08/2025
Netherlands Authority for the Financial Markets (AFM),NL,Metaplay8 Limited,,,,,,,,https://docs.ancient8.gg/micar-whitepaper,wp update,18/08/2025
Netherlands Authority for the Financial Markets (AFM),NL,TOPS LABS LTD,,,,,,,,https://gopluslabs.io/,wp update,19/08/2025
Netherlands Authority for the Financial Markets (AFM),NL,Subscrypts,,,,,,,,https://files.subscrypts.com/whitepaper/subscrypts-mica-whitepaper-v1.1.pdf,wp update,29/12/2025
Netherlands Authority for the Financial Markets (AFM),NL,BST2,,,,,,,,https://0gfoundation.ai/mica-whitepaper,wp update,19/08/2025
Netherlands Authority for the Financial Markets (AFM),NL,TX Labs Limited,,,,,,,,https://bless.network/,wp update,22/08/2025
Netherlands Authority for the Financial Markets (AFM),NL,375ai ServiceCo (BVI) Ltd.,254900BJUF18Z55ETG08,VG,,,AT | BE | BG | CY | CZ | DE | DK | EE | ES | FI | FR | GR | HR | HU | IE | IS | IT | LI | LT | LU | LV | MT | NL | NO | PL | PT | RO | SE | SI | SK,8R2R6HDFB,PJRLCNKL2,https://www.375ai.foundation/legal,wp update,09/02/2026
Netherlands Authority for the Financial Markets (AFM),NL,CRYPTIC DOT INC.,,,,,,,,https://defituna.com/,wp update,08/09/2025
Netherlands Authority for the Financial Markets (AFM),NL,GEMI FOUNDATION ltd,,,,,,,,https://public.carv.io/CARV_Whitepaper.html,wp update,17/07/2025
Netherlands Authority for the Financial Markets (AFM),NL,Babylon Foundation,,,,,,,,https://babylon.foundation/,wp update,29/08/2025
Netherlands Authority for the Financial Markets (AFM),NL,HypeStream Ltd.,,,,,,,,https://hippocto.meme/mica-whitepaper/index.pdf,wp update,12/09/2025
Netherlands Authority for the Financial Markets (AFM),NL,Metacade LLC,,,,,,,,https://www.metacade.co/micar,wp update,29/09/2025
Netherlands Authority for the Financial Markets (AFM),NL,Hashpack Inc.,,,,,,,,https://hashpack.gitbook.io/pack-whitepaper-1,wp update,19/09/2025
Netherlands Authority for the Financial Markets (AFM),NL,Sahara Company BVI ltd,,,,,,,,https://saharaai.com/mica-whitepaper,wp update,22/08/2025
Netherlands Authority for the Financial Markets (AFM),NL,aPriori Network Inc,,,,,,,,https://www.apr.io/,wp update,07/10/2025
Netherlands Authority for the Financial Markets (AFM),NL,RECRD Group Holding Limited,,,,,,,,https://recrd.com/esma.pdf ,wp update,08/10/2025
Netherlands Authority for the Financial Markets (AFM),NL,Reveel Foundation,,,,,,,,https://reveel.id/mica-whitepaper,wp update,14/10/2025
Netherlands Authority for the Financial Markets (AFM),NL,Dropee SA,984500F7F1E9F7C1E315,CH,,,AT | BE | BG | CY | CZ | DE | DK | EE | ES | FI | FR | GR | HR | HU | IE | IS | IT | LI | LT | LU | LV | MT | NL | NO | PL | PT | RO | SE | SI | SK,RK9DGWH40,7P94FWT0V,https://dropee.xyz/whitepaper-jdy2hv74.pdf,wp update,13/02/2026
Netherlands Authority for the Financial Markets (AFM),NL,Talus Foundation,,,,,,,,https://talus.foundation/mica-whitepaper,wp update,17/10/2025
Netherlands Authority for the Financial Markets (AFM),NL,Great AI Foundation,,,,,,,,https://www.gaibfoundation.org/mica-whitepaper ,wp update,21/10/2025
Netherlands Authority for the Financial Markets (AFM),NL,CBRICKSDATA INTERNATIONAL LTD,,,,,,,,https://deagent.ai/micar-whitepaper.pdf,wp update,20/10/2025
Netherlands Authority for the Financial Markets (AFM),NL,SCOR Foundation,,,,,,,,https://www.scor.io/,wp update,31/10/2025
Netherlands Authority for the Financial Markets (AFM),NL,Espresso TokenCo (BVI) Ltd.,,,,,,,,https://domain/mica/whitepaper,wp update,05/11/2025
Netherlands Authority for the Financial Markets (AFM),NL,Interop Labs Ltd,,,,,,,,https://instadapp.io/mica-whitepaper,wp update,10/11/2025
Netherlands Authority for the Financial Markets (AFM),NL,Mundus Metaverse Ltd,,,,,,,,https://docs.tabichain.com/TabiChain_MiCAR_Whitepaper.pdf,wp update,20/11/2025
Netherlands Authority for the Financial Markets (AFM),NL,IRYS Foundation  ,,,,,,,,https://docs.irys.xyz/learn/protocol-overview/micar-whitepaper ,wp update,27/11/2025
Netherlands Authority for the Financial Markets (AFM),NL,Brevis Network Ltd.,,,,,,,,https://brevis.network/whitepaper/micar.xhtml,wp update,04/12/2025
Netherlands Authority for the Financial Markets (AFM),NL,Sui Foundation ,,,,,,,,https://www.onetrading.com/policy,wp update,15/12/2025
Netherlands Authority for the Financial Markets (AFM),NL,Corpius (BVI) Limited,,VG,,,AT | BE | BG | CY | CZ | DE | DK | EE | ES | FI | FR | GR | HR | HU | IE | IS | IT | LI | LT | LU | LV | MT | NL | NO | PL | PT | RO | SE | SI | SK,,,https://www.shinkai.com/,wp update,22/12/2025
Netherlands Authority for the Financial Markets (AFM),NL,Association Enso,,CH,,,AT | BE | BG | CY | CZ | DE | DK | EE | ES | FI | FR | GR | HR | HU | IE | IS | IT | LI | LT | LU | LV | MT | NL | NO | PL | PT | RO | SE | SI | SK,,,https://www.enso.build/mica-whitepaper,wp update,04/02/2026
Netherlands Authority for the Financial Markets (AFM),NL,Lumen ServiceCo (BVI) Ltd.,98450005EAE0D3CD6481,VG,,,AT | BE | BG | CY | CZ | DE | DK | EE | ES | FI | FR | GR | HR | HU | IE | IS | IT | LI | LT | LU | LV | MT | NL | NO | PL | PT | RO | SE | SI | SK,HMV8HH1KW,4LSRL5KT5,https://perle.micarwhitepapers.eu,wp update,02/04/2026
Netherlands Authority for the Financial Markets (AFM),NL,Chip is Blue Ltd.,98450052DED977DD3B92,VG,,,AT | BE | BG | CY | CZ | DE | DK | EE | ES | FI | FR | GR | HR | HU | IE | IS | IT | LI | LT | LU | LV | MT | NL | NO | PL | PT | RO | SE | SI | SK,N6F5M29K8,H3XQQ20S1,https://www.penguinonsol.com,wp update,27/02/2026
Netherlands Authority for the Financial Markets (AFM),NL,Superchillclub Limited,9845005842D99DFF1F65,VG,,,AT | BE | BG | CY | CZ | DE | DK | EE | ES | FI | FR | GR | HR | HU | IE | IS | IT | LI | LT | LU | LV | MT | NL | NO | PL | PT | RO | SE | SI | SK,G8N7HJ69S,V87RMRKW0|NBV17VLKN,https://static.opinion.foundation/mica_whitepaper_OPN.xhtml,wp update,04/03/2026
Netherlands Authority for the Financial Markets (AFM),NL,OpenGradient Foundation,984500A5E14D36D7A578,VG,,,AT | BE | BG | CY | CZ | DE | DK | EE | ES | FI | FR | GR | HR | HU | IE | IS | IT | LI | LT | LU | LV | MT | NL | NO | PL | PT | RO | SE | SI | SK,6WNLFSDSK,NL1CPT6Q1,https://www.opengradient.micarwhitepapers.eu,wp update,05/03/2026
Netherlands Authority for the Financial Markets (AFM),NL,KIIGLOBAL S.A.S,98450001TBB7CBB78775,CO,,,AT | BE | BG | CY | CZ | DE | DK | EE | ES | FI | FR | GR | HR | HU | IE | IS | IT | LI | LT | LU | LV | MT | NL | NO | PL | PT | RO | SE | SI | SK,B9XWQQWQ3,J7GH5209C,https://www.micawhitepaper.kiichain.io,wp update,11/03/2026
Netherlands Authority for the Financial Markets (AFM),NL,infinifi Foundation,254900K2K2V7IFXGI402,KY,,,AT | BE | BG | CY | CZ | DE | DK | EE | ES | FI | FR | GR | HR | HU | IE | IS | IT | LI | LT | LU | LV | MT | NL | NO | PL | PT | RO | SE | SI | SK,40KCBQWB3,336JRW20K,https://www.infinifi.micarwhitepapers.eu ,wp update,16/03/2026
Netherlands Authority for the Financial Markets (AFM),NL,RA2 TECH SA,984500D99C5038EEDC72,CH,,,AT | BE | BG | CY | CZ | DE | DK | EE | ES | FI | FR | GR | HR | HU | IE | IS | IT | LI | LT | LU | LV | MT | NL | NO | PL | PT | RO | SE | SI | SK,7V4002CQ1,NXB23RTWH,https://everything.micarwhitepapers.eu/ ,wp update,31/03/2026
Netherlands Authority for the Financial Markets (AFM),NL,AMGI Animation LLC,98450062B461E2C6DC32,US,,,AT | BE | BG | CY | CZ | DE | DK | EE | ES | FI | FR | GR | HR | HU | IE | IS | IT | LI | LT | LU | LV | MT | NL | NO | PL | PT | RO | SE | SI | SK,41CS4D07G,D0BNZRS0P,https://www.hooli.micarwhitepapers.eu ,wp update,01/04/2026
Netherlands Authority for the Financial Markets (AFM),NL,YOM Foundation,529900NFNRZIZUXIN609,SC,,,AT | BE | BG | CY | CZ | DE | DK | EE | ES | FI | FR | GR | HR | HU | IE | IS | IT | LI | LT | LU | LV | MT | NL | NO | PL | PT | RO | SE | SI | SK,,7HK4HMDLG,https://yom.net/legal/mica-whitepaper-afm,wp update,13/04/2026
Netherlands Authority for the Financial Markets (AFM),NL,CAP Labs Limited,984500BEE74CD2BCDD15,VG,,,AT | BE | BG | CY | CZ | DE | DK | EE | ES | FI | FR | GR | HR | HU | IE | IS | IT | LI | LT | LU | LV | MT | NL | NO | PL | PT | RO | SE | SI | SK,Q8491664H,JWCRTTF4S,https://cap.micarwhitepapers.eu,wp update,17/04/2026
Netherlands Authority for the Financial Markets (AFM),NL,Arcium Verein,984500C7584BABED3E03,CH,,,AT | BE | BG | CY | CZ | DE | DK | EE | ES | FI | FR | GR | HR | HU | IE | IS | IT | LI | LT | LU | LV | MT | NL | NO | PL | PT | RO | SE | SI | SK,2GM37J0CX,QWFKWNHQV,https://arcium.micarwhitepapers.eu,wp update,30/04/2026
Netherlands Authority for the Financial Markets (AFM),NL,Pharos ServiceCo (BVI) Ltd.,984500AE36LB5A1DR531,VG,,,AT | BE | BG | CY | CZ | DE | DK | EE | ES | FI | FR | GR | HR | HU | IE | IS | IT | LI | LT | LU | LV | MT | NL | NO | PL | PT | RO | SE | SI | SK,86LN6WGX9,8BLZNR0V8,https://pharos.micarwhitepaper.eu,wp update,11/05/2026
Netherlands Authority for the Financial Markets (AFM),NL,Green Minter LTD,254900KGXFS76PCR2W39,VG,,,AT | BE | BG | CY | CZ | DE | DK | EE | ES | FI | FR | GR | HR | HU | IE | IS | IT | LI | LT | LU | LV | MT | NL | NO | PL | PT | RO | SE | SI | SK,2245RJN66,R2PBNX7B8,https://aligned.micarwhitepaper.eu,wp update,03/06/2026
Netherlands Authority for the Financial Markets (AFM),NL,ProtoWardo Ltd,984500477F9C991NE141,VG,,,AT | BE | BG | CY | CZ | DE | DK | EE | ES | FI | FR | GR | HR | HU | IE | IS | IT | LI | LT | LU | LV | MT | NL | NO | PL | PT | RO | SE | SI | SK,,J7D9BF035,https://docs.wardenprotocol.org/ward/micar-whitepaper,wp update,12/06/2026
Netherlands Authority for the Financial Markets (AFM),NL,TownSquare Services Ltd.,254900DQD4ESD4W4R471,VG,,,AT | BE | BG | CY | CZ | DE | DK | EE | ES | FI | FR | GR | HR | HU | IE | IS | IT | LI | LT | LU | LV | MT | NL | NO | PL | PT | RO | SE | SI | SK,J230S0GPP,"7QG107L4N, 7KBVC7CXL, P0B3BJFZM",https://townsquare.micarwhitepapers.eu ,wp update,10/07/2026
Netherlands Authority for the Financial Markets (AFM),NL,Phoenix Veritas Ventures Ltd,98450001A3B1BFFE8455,VG,,,AT | BE | BG | CY | CZ | DE | DK | EE | ES | FI | FR | GR | HR | HU | IE | IS | IT | LI | LT | LU | LV | MT | NL | NO | PL | PT | RO | SE | SI | SK,929TXLFWK,X51GNKD7C,https://laptop.micarwhitepaper.eu,wp update,24/06/2026
Netherlands Authority for the Financial Markets (AFM),NL,Ritual Limited,9845005A393ABJD87368,VG,,,AT | BE | BG | CY | CZ | DE | DK | EE | ES | FI | FR | GR | HR | HU | IE | IS | IT | LI | LT | LU | LV | MT | NL | NO | PL | PT | RO | SE | SI | SK,JGFW64Z08,JDDCKW0R4,https://ritual.micarwhitepapers.eu,wp update,24/06/2026
Netherlands Authority for the Financial Markets (AFM),NL,Dac Labs Sagl,9845009U2B458E52CF59,CH,,,AT | BE | BG | CY | CZ | DE | DK | EE | ES | FI | FR | GR | HR | HU | IE | IS | IT | LI | LT | LU | LV | MT | NL | NO | PL | PT | RO | SE | SI | SK,9TT5VB27J,H2T3LVDZX,https://dact.micarwhitepapers.eu/,wp update,02/07/2026
Netherlands Authority for the Financial Markets (AFM),NL,Genius Foundation,,KY,,,AT | BE | BG | CY | CZ | DE | DK | EE | ES | FI | FR | GR | HR | HU | IE | IS | IT | LI | LT | LU | LV | MT | NL | NO | PL | PT | RO | SE | SI | SK,X3FR4BJ5K,,https://www.tradegenius.com/micaeucompliance,wp update,09/07/2026
Netherlands Authority for the Financial Markets (AFM),NL,Ethos Foundation,98450054CPC92B8DB309,KY,,,AT | BE | BG | CY | CZ | DE | DK | EE | ES | FI | FR | GR | HR | HU | IE | IS | IT | LI | LT | LU | LV | MT | NL | NO | PL | PT | RO | SE | SI | SK,SDV2MK8KZ,ZPBLDL02G,https://ethos.micarwhitepapers.eu/,wp update,10/07/2026
Netherlands Authority for the Financial Markets (AFM),NL,Dapp OS Technology Pte. Ltd,254900F2Y44Y2IIE9U38,SG,,,AT | BE | BG | CZ | DE | DK | EE | ES | FI | FR | HU | IE | IT | LT | LU | LV | MT | NL | NO | PL | PT | RO | SE | SI | SK,3L8S0DQWL,GBGX1MHXN | G86K26DC6,https://dappos.com/mica-white-paper,wp update,14/07/2026
Netherlands Authority for the Financial Markets (AFM),NL,GEODAO FOUNDATION PTE. LTD.,984500B2AD0XEBCYFA92,SG,,,AT | BE | BG | CY | CZ | DE | DK | EE | ES | FI | FR | GR | HR | HU | IE | IS | IT | LI | LT | LU | LV | MT | NL | NO | PL | PT | RO | SE | SI | SK,P06G0W0N6,6BNTZ6LQ2 | C7KPSBKKF | 8SK3GVB7N,https://geodnet.micarwhitepaper.eu,wp update,14/07/2026
Netherlands Authority for the Financial Markets (AFM),NL,ProtoWardo Ltd.,984500477F9C991NE141,VG,,,AT | BE | BG | CY | CZ | DE | DK | EE | ES | FI | FR | GR | HR | HU | IE | IS | IT | LI | LT | LU | LV | MT | NL | NO | PL | PT | RO | SE | SI | SK,,N7DJ64CHV,https://runhalo.xyz/halo/micar-whitepaper,wp update,16/07/2026
Netherlands Authority for the Financial Markets (AFM),NL,The Interfold Foundation,25490022ZI2AGT9PYJ27,KY,,,AT | BE | BG | CY | CZ | DE | DK | EE | ES | FI | FR | GR | HR | HU | IE | IS | IT | LI | LT | LU | LV | MT | NL | NO | PL | PT | RO | SE | SI | SK,BCZHKFFJK,5FZF0QWKZ | SF6V77VRC,https://interfold.micarwhitepapers.eu,wp update,22/07/2026
Netherlands Authority for the Financial Markets (AFM),NL,Tread Foundry Ltd.,984500053EQ4O1D5BF74,VG,,,AT | BE | BG | CY | CZ | DE | DK | EE | ES | FI | FR | GR | HR | HU | IE | IS | IT | LI | LT | LU | LV | MT | NL | NO | PL | PT | RO | SE | SI | SK,44GGHZTS4,1FD76G9W5,https://tread.micarwhitepapers.eu,wp update,23/07/2026
Netherlands Authority for the Financial Markets (AFM),NL,CANOPY NETWORK CORP.,9845000EA369FA3E9I63,PA,,,AT | BE | BG | CY | CZ | DE | DK | EE | ES | FI | FR | GR | HR | HU | IE | IS | IT | LI | LT | LU | LV | MT | NL | NO | PL | PT | RO | SE | SI | SK,K5RP3DVVV,5CTP69VT4,https://canopy.micarwhitepapers.eu,wp update,28/07/2026
Netherlands Authority for the Financial Markets (AFM),NL,Linera Digital Assets Ltd.,984500ED01E0867CCY22,VG,,,AT | BE | BG | CY | CZ | DE | DK | EE | ES | FI | FR | GR | HR | HU | IE | IS | IT | LI | LT | LU | LV | MT | NL | NO | PL | PT | RO | SE | SI | SK,JTZ166XGD,VL6LJ9NFQ,https://linera.micarwhitepaper.eu,wp update,31/07/2026
Netherlands Authority for the Financial Markets (AFM),NL,Orbital Line Limited,,KY,,,BE | BG | CY | CZ | DE | DK | EE | ES | FI | FR | GR | HR | HU | IE | IS | IT | LI | LT | LU | LV | MT | NL | NO | PL | PT | RO | SE | SI | SK,M2NP48MKX,2JX1R770F |72F9DN9T8 | D00DWX6C3,https://grvt.micarwhitepapers.eu,wp update,05/08/2026
Netherlands Authority for the Financial Markets (AFM),NL,Odyssey Foundation,984500D53C1CCEEDC313,KY,,,AT | BE | BG | CY | CZ | DE | DK | EE | ES | FI | FR | GR | HR | HU | IE | IS | IT | LI | LT | LU | LV | MT | NL | NO | PL | PT | RO | SE | SI | SK,K52LZ52BB,1ZX1X7FM5 | 642RTWX3H | 2M0XTNSTM,https://odyssey.micarwhitepapers.eu,wp update,06/08/2026
Norwegian Financial Supervisory Authority  ,NO,Dog Planet AS,984500BB7F58F08AAE09,NO,,,,,,https://www.dogplanet.no/,DTI Pending,13/05/2026
